Artist,Total,Today,1M,2M,3M,4M,5M
Taylor Swift,"65,226,442","86,192",13,5,4,2,0
Ed Sheeran,"60,938,023","3,878",14,8,4,4,4
Drake,"46,936,222","6,973",13,2,1,1,0
Billie Eilish,"36,893,029","88,911",9,5,2,1,1
Post Malone,"35,386,137","9,041",9,6,4,2,2
The Weeknd,"34,914,622","3,527",7,3,2,1,1
Dua Lipa,"32,957,659","12,803",8,6,3,3,2
Ariana Grande,"32,310,338","10,454",11,4,3,2,0
周杰伦,"28,329,174","14,704",4,0,0,0,0
Bad Bunny,"27,792,420","7,761",7,2,0,0,0
Harry Styles,"25,470,949","2,078",6,3,2,2,2
Olivia Rodrigo,"19,577,265","2,468",6,4,2,0,0
Justin Bieber,"19,257,362",375,7,2,2,0,0
BTS,"18,957,978",80,4,1,1,0,0
Travis Scott,"17,867,838","4,361",4,2,1,1,0
BLACKPINK,"17,658,493",91,8,1,0,0,0
Doja Cat,"16,777,185","1,092",5,3,1,0,0
Imagine Dragons,"16,707,962",873,5,2,2,2,2
Lewis Capaldi,"15,012,786","1,215",2,2,2,1,1
Ninho,"14,894,745","3,732",1,0,0,0,0
Coldplay,"14,565,112","3,708",4,2,1,1,1
Camila Cabello,"14,242,335",8,3,1,1,1,1
Morgan Wallen,"13,865,363","12,283",4,0,0,0,0
The Chainsmokers,"13,269,760",152,2,2,2,1,1
Tones and I,"12,549,448",196,1,1,1,1,1
Eminem,"12,381,106","22,020",3,0,0,0,0
Maroon 5,"11,868,442",31,3,3,2,1,0
Pop Smoke,"11,763,695",0,5,1,0,0,0
Official髭男dism,"11,738,121","2,678",2,0,0,0,0
Lady Gaga,"11,666,655",22,2,1,1,1,1
SZA,"11,649,673","8,904",3,2,1,0,0
Adele,"11,442,493","1,377",3,1,1,1,0
Lil Nas X,"11,223,833",9,3,2,2,1,0
Miley Cyrus,"11,060,102","3,541",3,1,1,1,1
DJ Khaled,"10,855,147",0,4,1,0,0,0
TWICE,"10,799,792",200,0,0,0,0,0
Charlie Puth,"10,731,331",124,3,1,1,1,0
YOASOBI,"10,659,200","4,751",1,1,0,0,0
XXXTENTACION,"10,200,894",0,4,1,0,0,0
あいみょん,"9,720,445","2,387",2,0,0,0,0
Shawn Mendes,"9,205,352",0,3,1,0,0,0
Khalid,"8,853,899",0,3,1,0,0,0
NewJeans,"8,636,535","16,618",3,0,0,0,0
Jul,"8,591,065","3,610",0,0,0,0,0
Mrs. GREEN APPLE,"8,498,812","12,469",1,0,0,0,0
Chris Brown,"8,482,313","1,538",2,2,1,0,0
Maluma,"8,383,661","1,197",1,0,0,0,0
Future,"8,259,896","3,112",2,0,0,0,0
Lil Baby,"8,110,674","3,032",1,0,0,0,0
Beyoncé,"8,058,949","4,872",3,1,0,0,0
The Kid LAROI & Justin Bieber,"8,043,417",243,1,1,1,1,1
Cardi B,"7,852,151",0,3,1,0,0,0
Luke Combs,"7,556,569","7,341",2,0,0,0,0
Sam Smith,"7,512,814",0,2,1,0,0,0
Clean Bandit,"7,499,237",0,4,1,0,0,0
Tate McRae,"7,330,614","5,723",2,2,0,0,0
Bruno Mars,"7,301,547",378,3,1,0,0,0
Ozuna,"7,291,909","1,175",1,0,0,0,0
DaBaby,"7,146,132",0,1,1,1,0,0
Ava Max,"7,127,864",0,2,1,1,0,0
OneRepublic,"7,084,108",982,1,1,1,1,0
Kanye West,"6,996,706",567,0,0,0,0,0
Måneskin,"6,913,447",0,2,1,0,0,0
Post Malone & Swae Lee,"6,885,441",603,1,1,1,1,1
King Gnu,"6,766,799","1,120",1,0,0,0,0
Glass Animals,"6,759,117",429,1,1,1,1,1
Bradley Cooper,"6,742,026",0,1,1,1,1,1
Shawn Mendes & Camila Cabello,"6,521,161",0,1,1,1,1,1
Aya Nakamura,"6,520,504",0,1,0,0,0,0
Selena Gomez,"6,461,787",0,2,0,0,0,0
Halsey,"6,432,493",0,2,1,1,0,0
back number,"6,428,728","3,769",2,0,0,0,0
Elton John & Dua Lipa,"6,420,489",217,1,1,1,1,1
Juice WRLD,"6,398,541",0,1,1,0,0,0
Avicii,"6,203,191",36,3,0,0,0,0
Burna Boy,"6,176,953",966,1,0,0,0,0
Roddy Ricch,"6,145,704",654,1,1,1,0,0
Apache 207,"5,991,431","2,385",1,0,0,0,0
"Calvin Harris, Dua Lipa","5,712,385",196,1,1,1,1,1
Sia,"5,671,088",380,2,0,0,0,0
Kendrick Lamar,"5,668,929","15,084",1,0,0,0,0
Calvin Harris,"5,487,939",0,1,1,0,0,0
Youngboy Never Broke Again,"5,481,968",281,0,0,0,0,0
Jack Harlow,"5,377,974","1,745",2,0,0,0,0
Vaundy,"5,355,750","3,907",1,0,0,0,0
周杰倫,"5,324,455","1,614",1,0,0,0,0
David Guetta,"5,264,099",215,2,1,0,0,0
Luis Fonsi,"5,152,246",0,1,1,1,1,1
Karol G,"5,149,947","2,845",1,0,0,0,0
Feid,"5,019,001","3,518",0,0,0,0,0
優里,"4,984,463","1,726",1,0,0,0,0
J Balvin,"4,981,983",627,0,0,0,0,0
ONE OK ROCK,"4,941,368",186,1,0,0,0,0
J. Cole,"4,904,515",888,1,0,0,0,0
Gunna,"4,887,391","6,936",1,0,0,0,0
aespa,"4,789,084","17,066",0,0,0,0,0
French Montana,"4,780,374",179,1,1,1,0,0
Marshmello & Bastille,"4,744,944",0,1,1,1,1,0
"Cardi B, Bad Bunny & J Balvin","4,733,535",0,1,1,1,1,0
Ed Sheeran & Justin Bieber,"4,724,244",0,1,1,1,1,0
Zach Bryan,"4,716,356","13,477",1,0,0,0,0
Queen,"4,640,309",9,1,0,0,0,0
Joel Corry,"4,621,223",0,1,1,1,0,0
MiyaGi & Эндшпиль,"4,613,480","1,637",1,0,0,0,0
SAINt JHN,"4,612,161",0,1,1,1,1,0
Michael Bublé,"4,598,655",0,1,1,0,0,0
Lizzo,"4,552,010",0,3,0,0,0,0
Lil Uzi Vert,"4,537,840",0,0,0,0,0,0
Capital Bra,"4,527,189",0,0,0,0,0,0
Скриптонит,"4,448,022",184,0,0,0,0,0
Jonas Brothers,"4,423,657",0,1,1,0,0,0
Miyagi & Andy Panda,"4,396,019",711,0,0,0,0,0
DJ Snake,"4,391,520",0,1,1,0,0,0
Fleetwood Mac,"4,379,340","2,385",2,1,0,0,0
Jason Derülo,"4,346,434",0,2,0,0,0,0
Mariah Carey,"4,332,042",0,1,1,1,1,0
George Ezra,"4,331,321",0,1,1,0,0,0
Tom Odell,"4,320,851","1,494",1,1,1,1,0
Rita Ora,"4,297,832",244,2,0,0,0,0
"benny blanco, Halsey & Khalid","4,290,670",0,1,1,1,1,0
Ado,"4,277,304","1,444",0,0,0,0,0
6ix9ine,"4,246,766",0,1,0,0,0,0
The Weeknd & Ariana Grande,"4,179,883",0,1,1,1,0,0
Rauw Alejandro,"4,145,820","3,436",1,0,0,0,0
Lil Durk,"4,143,140",87,0,0,0,0,0
P!nk,"4,136,324",0,1,0,0,0,0
ZAYN,"4,120,207",0,1,1,1,0,0
Jonas Blue,"4,095,985",0,2,1,0,0,0
Rod Wave,"4,060,138",0,0,0,0,0,0
Marshmello,"4,056,355",0,2,1,0,0,0
Dean Lewis,"3,918,691",308,1,1,0,0,0
Daddy Yankee,"3,912,845",64,1,1,0,0,0
Tiësto,"3,908,058",186,1,1,1,0,0
Polo G,"3,884,814",0,0,0,0,0,0
24kgoldn,"3,880,146",0,1,1,1,0,0
LE SSERAFIM,"3,862,856","2,414",0,0,0,0,0
Damso,"3,860,499",129,0,0,0,0,0
Lauv,"3,853,478",8,1,0,0,0,0
Luciano,"3,802,525",204,0,0,0,0,0
Migos,"3,780,374",0,0,0,0,0,0
A Boogie wit da Hoodie,"3,741,413",105,0,0,0,0,0
Meek Mill,"3,727,488",0,1,0,0,0,0
Lost Frequencies & Calum Scott,"3,711,040",0,1,1,1,0,0
Drake & 21 Savage,"3,674,553",0,1,0,0,0,0
HammAli & Navai,"3,649,455",876,0,0,0,0,0
Kodak Black,"3,623,189",300,1,0,0,0,0
Regard,"3,585,095",0,1,1,1,0,0
Zivert,"3,573,594",770,0,0,0,0,0
Anne-Marie,"3,573,134",24,1,1,0,0,0
Artik & Asti,"3,557,236",830,0,0,0,0,0
Niska,"3,531,034",45,0,0,0,0,0
Mabel,"3,511,393",0,1,1,0,0,0
Young Thug,"3,509,409",158,1,0,0,0,0
5 Seconds of Summer,"3,508,615",58,1,1,0,0,0
Dadju,"3,508,286",164,0,0,0,0,0
Bad Bunny & Jhay Cortez,"3,485,048",0,1,0,0,0,0
Nicki Minaj,"3,464,766",28,0,0,0,0,0
林俊杰,"3,463,819","2,695",0,0,0,0,0
Gazo,"3,453,664",372,0,0,0,0,0
Lil Nas X & Jack Harlow,"3,443,143",0,1,1,1,0,0
The Kid LAROI,"3,433,187",0,1,0,0,0,0
ANNA ASTI,"3,419,544","2,666",0,0,0,0,0
David Guetta & Bebe Rexha,"3,352,531",496,1,1,1,0,0
21 Savage,"3,331,642",832,0,0,0,0,0
Sam Smith & Kim Petras,"3,291,449",0,1,1,1,0,0
Booba,"3,264,937",174,0,0,0,0,0
Dave,"3,248,734",111,1,0,0,0,0
Meduza,"3,243,837",0,2,0,0,0,0
Three Man Down,"3,204,467",659,0,0,0,0,0
IVE,"3,200,202","2,222",0,0,0,0,0
Ultimo,"3,199,285","1,374",0,0,0,0,0
J Balvin & Bad Bunny,"3,196,975",379,1,0,0,0,0
Jony,"3,141,804",761,0,0,0,0,0
Rihanna,"3,140,082","1,583",0,0,0,0,0
Megan Thee Stallion,"3,134,122",0,0,0,0,0,0
Rudimental,"3,131,491",0,1,1,0,0,0
Rema & Selena Gomez,"3,089,685",330,1,1,1,0,0
James Arthur,"3,082,019",18,1,0,0,0,0
Stormzy,"3,068,324",0,1,0,0,0,0
Danny Ocean,"3,053,590",63,1,0,0,0,0
"Bruno Mars, Anderson .Paak & Silk Sonic","3,045,711",0,1,1,0,0,0
Dear Jane,"3,003,110",791,0,0,0,0,0
Werenoi,"2,962,703","2,372",0,0,0,0,0
Farruko,"2,946,932",0,1,1,0,0,0
Sam Smith & Normani,"2,936,597",0,1,1,0,0,0
Dermot Kennedy,"2,924,205",0,0,0,0,0,0
Topic & A7S,"2,897,589",0,1,1,0,0,0
Manuel Turizo,"2,894,433",767,1,0,0,0,0
LiSA,"2,888,365",0,0,0,0,0,0
"Zedd, Maren Morris & Grey","2,881,283",0,1,1,0,0,0
Jah Khalib,"2,873,233",145,0,0,0,0,0
Selena Gomez & Marshmello,"2,860,056",0,1,1,0,0,0
Dynoro & Gigi d'Agostino,"2,837,405",0,1,1,0,0,0
Lady Gaga & Ariana Grande,"2,826,941",0,1,1,0,0,0
Maes,"2,819,416",220,0,0,0,0,0
Billie Eilish & Khalid,"2,798,079",185,1,1,0,0,0
Myke Towers,"2,766,761","2,956",0,0,0,0,0
Troye Sivan,"2,763,983",106,0,0,0,0,0
Dennis Lloyd,"2,763,447",0,1,1,0,0,0
Gayle,"2,763,229",0,1,1,0,0,0
米津玄師,"2,760,849",806,0,0,0,0,0
Jawsh 685 x Jason Derulo,"2,759,357",0,1,1,0,0,0
周興哲,"2,753,053",91,0,0,0,0,0
Loud Luxury,"2,743,731",0,1,1,0,0,0
Vance Joy,"2,715,796",917,1,1,0,0,0
Katy Perry,"2,707,201",185,0,0,0,0,0
ITZY,"2,703,150",0,0,0,0,0,0
"Calvin Harris, Sam Smith","2,688,364",0,1,1,0,0,0
陳奕迅,"2,655,957","1,148",0,0,0,0,0
Bazzi,"2,642,388",0,1,0,0,0,0
Marília Mendonça,"2,636,330",359,0,0,0,0,0
Anuel AA,"2,631,366",424,0,0,0,0,0
Rosalía,"2,617,716",0,0,0,0,0,0
Jorge & Mateus,"2,605,501",639,0,0,0,0,0
Saucy Dog,"2,601,256",657,1,0,0,0,0
Benson Boone,"2,581,240","14,748",1,0,0,0,0
J Balvin & Willy William,"2,576,058",31,1,1,0,0,0
Panic! At the Disco,"2,526,324",0,1,1,0,0,0
Marshmello & Anne-Marie,"2,518,597",0,1,1,0,0,0
Naps,"2,513,975",0,0,0,0,0,0
Red Velvet,"2,503,106",0,0,0,0,0,0
Robin Schulz,"2,498,501",0,0,0,0,0,0
Тима Белорусских,"2,496,633",0,0,0,0,0,0
Justin Timberlake,"2,494,623",0,1,0,0,0,0
Tyga,"2,491,979",0,1,0,0,0,0
NCT DREAM,"2,477,899",0,0,0,0,0,0
Masked Wolf,"2,476,415",0,1,1,0,0,0
Sfera Ebbasta,"2,468,095",925,0,0,0,0,0
Ariana Grande & Justin Bieber,"2,443,106",751,1,1,0,0,0
林家謙,"2,442,749","1,033",0,0,0,0,0
PLK,"2,440,134",245,0,0,0,0,0
SDM,"2,415,138",605,0,0,0,0,0
Little Mix,"2,401,687",0,0,0,0,0,0
Henrique & Juliano,"2,387,844",783,0,0,0,0,0
Djadja & Dinaz,"2,362,733",87,0,0,0,0,0
マカロニえんぴつ,"2,360,370",607,0,0,0,0,0
"Metro Boomin, The Weeknd & 21 Savage","2,350,415",71,1,1,0,0,0
Christian Nodal,"2,316,829",0,0,0,0,0,0
Wham!,"2,315,870",0,1,1,0,0,0
Ezhel,"2,313,303",82,0,0,0,0,0
Ufo361,"2,267,644",0,0,0,0,0,0
Amr Diab,"2,247,403",332,0,0,0,0,0
Arizona Zervas,"2,241,218",0,1,1,0,0,0
Capo Plaza,"2,240,886","3,280",0,0,0,0,0
Central Cee,"2,229,297",0,0,0,0,0,0
Angèle,"2,218,258",0,0,0,0,0,0
The Killers,"2,216,297","1,223",1,1,0,0,0
Tiakola,"2,207,420",113,0,0,0,0,0
Mark Ronson,"2,203,179",0,1,0,0,0,0
Tiësto & Ava Max,"2,193,022",0,1,1,0,0,0
Major Lazer,"2,175,014",0,0,0,0,0,0
Zé Neto & Cristiano,"2,166,817",995,0,0,0,0,0
MC 張天賦,"2,160,229","2,772",0,0,0,0,0
Pinguini Tattici Nucleari,"2,159,704",226,0,0,0,0,0
PNL,"2,154,924",0,0,0,0,0,0
Paulo Londra,"2,138,634",0,0,0,0,0,0
Sech,"2,138,356",143,0,0,0,0,0
Егор Крид,"2,130,236",0,0,0,0,0,0
SCH,"2,119,259","18,704",0,0,0,0,0
Lana Del Rey,"2,110,590",740,0,0,0,0,0
Pashanim,"2,107,620","3,800",0,0,0,0,0
Tory Lanez,"2,100,474",90,0,0,0,0,0
姜濤,"2,096,229","1,683",0,0,0,0,0
菅田 将暉,"2,094,555",0,0,0,0,0,0
Dave & Central Cee,"2,088,610",461,1,0,0,0,0
Trevor Daniel,"2,085,505",0,1,1,0,0,0
Rema,"2,044,583",116,1,0,0,0,0
AYLIVA,"2,025,392",502,0,0,0,0,0
레드벨벳,"2,022,909",0,0,0,0,0,0
陈奕迅,"2,003,145","1,643",0,0,0,0,0
Bonez MC & Raf Camora,"2,000,547",0,0,0,0,0,0
Alan Walker,"2,000,068",8,1,0,0,0,0
Blanco,"1,999,028",0,0,0,0,0,0
Raf Camora,"1,997,115",0,0,0,0,0,0
Natanael Cano,"1,987,064","4,270",0,0,0,0,0
MACAN,"1,976,306",993,0,0,0,0,0
RAYE & 070 Shake,"1,975,057",232,1,0,0,0,0
平井大,"1,963,530",144,0,0,0,0,0
張敬軒,"1,959,144","1,488",0,0,0,0,0
Six60,"1,948,468",0,0,0,0,0,0
Wizkid,"1,945,401",177,0,0,0,0,0
Bad Bunny & Tainy,"1,937,869",419,1,0,0,0,0
아이브,"1,923,005","1,963",0,0,0,0,0
防彈少年團,"1,914,149",0,0,0,0,0,0
Tilly Birds,"1,913,326",598,0,0,0,0,0
Justin Bieber & BloodPop®,"1,908,378",0,1,0,0,0,0
Geolier,"1,895,121","2,276",0,0,0,0,0
백예린,"1,892,679",226,0,0,0,0,0
Summer Walker,"1,891,591",467,0,0,0,0,0
Ali Gatie,"1,885,435",0,1,0,0,0,0
Logic,"1,871,379",0,1,0,0,0,0
IU,"1,870,744",622,0,0,0,0,0
(G)I-DLE,"1,852,194","1,578",0,0,0,0,0
Jax Jones,"1,849,575",0,0,0,0,0,0
Samra,"1,846,481",0,0,0,0,0,0
David Kushner,"1,839,383",427,1,0,0,0,0
Keala Settle & The Greatest Showman Ensemble,"1,822,543",0,1,0,0,0,0
UZI,"1,813,194",605,0,0,0,0,0
Zedd & Alessia Cara,"1,808,708",0,1,0,0,0,0
"Tyler, the Creator","1,804,283",0,0,0,0,0,0
A$AP Rocky,"1,803,756",0,1,0,0,0,0
G.E.M. 鄧紫棋,"1,802,958",0,0,0,0,0,0
Luis Miguel,"1,800,848",47,0,0,0,0,0
Miguel,"1,799,675",0,1,0,0,0,0
EXO,"1,799,486",0,0,0,0,0,0
Martin Garrix,"1,798,393",0,0,0,0,0,0
Gusttavo Lima,"1,794,983",205,0,0,0,0,0
林俊傑,"1,787,480",266,0,0,0,0,0
J Hus,"1,779,709",0,0,0,0,0,0
방탄소년단,"1,774,857",0,0,0,0,0,0
Niall Horan,"1,767,347",0,0,0,0,0,0
Riton & Nightcrawlers,"1,765,885",0,1,0,0,0,0
D-Block Europe,"1,758,552",0,0,0,0,0,0
Shubh,"1,756,129","2,236",0,0,0,0,0
Элджей,"1,753,850",0,0,0,0,0,0
Pedro Capó & Farruko,"1,744,362",0,1,0,0,0,0
田馥甄,"1,741,448",138,0,0,0,0,0
NCT 127,"1,733,568",0,0,0,0,0,0
Lil Wayne,"1,731,011",109,0,0,0,0,0
Мот,"1,729,607",709,0,0,0,0,0
Salmo,"1,727,889",0,0,0,0,0,0
"Kendrick Lamar, SZA","1,719,481",73,1,0,0,0,0
KAROL G & Nicki Minaj,"1,718,294",0,1,0,0,0,0
SEVENTEEN,"1,717,996","1,536",0,0,0,0,0
茄子蛋,"1,714,164",126,0,0,0,0,0
Portugal. The Man,"1,709,918",31,1,0,0,0,0
Piso 21,"1,708,514",0,0,0,0,0,0
Powfu,"1,705,968",0,1,0,0,0,0
The Toys,"1,704,317",172,0,0,0,0,0
Joji,"1,703,897",50,1,0,0,0,0
Kenya Grace,"1,703,841","1,326",1,0,0,0,0
Moneybagg Yo,"1,701,749",0,0,0,0,0,0
CKay,"1,698,174",13,1,0,0,0,0
BOWKYLION,"1,695,638",925,0,0,0,0,0
Daniel Caesar,"1,687,988",342,1,0,0,0,0
Kygo & Whitney Houston,"1,686,346",0,1,0,0,0,0
Tom Walker,"1,684,857",0,1,0,0,0,0
Teddy Swims,"1,676,651","10,938",1,0,0,0,0
Diljit Dosanjh,"1,670,430","2,162",0,0,0,0,0
Viktor Sheen,"1,664,936",476,0,0,0,0,0
Coez,"1,663,543",46,0,0,0,0,0
JUNG KOOK & Latto,"1,658,954","1,437",1,0,0,0,0
RIN,"1,658,119",0,0,0,0,0,0
Liam Payne,"1,652,700",0,1,0,0,0,0
"Calvin Harris, Rag’n’Bone Man","1,652,688",0,1,0,0,0,0
MORGENSHTERN,"1,652,050","1,104",0,0,0,0,0
Novelbright,"1,651,359",261,0,0,0,0,0
Fuerza Regida,"1,651,093","5,204",0,0,0,0,0
Arctic Monkeys,"1,651,068",242,0,0,0,0,0
Luis Fonsi & Demi Lovato,"1,646,866",0,1,0,0,0,0
Scriptonite,"1,646,326",0,0,0,0,0,0
Mirrr,"1,644,318","1,466",0,0,0,0,0
Ghali,"1,643,447","1,113",0,0,0,0,0
Irama,"1,637,021",634,0,0,0,0,0
Tiësto & Tate McRae,"1,630,806",132,1,0,0,0,0
Shiva,"1,629,200",610,0,0,0,0,0
Noah Kahan,"1,627,711","5,099",1,0,0,0,0
Axwell Λ Ingrosso,"1,627,709",0,1,0,0,0,0
Skryptonite,"1,617,024","1,833",0,0,0,0,0
Rammstein,"1,615,451",94,0,0,0,0,0
Anitta,"1,600,044","1,532",0,0,0,0,0
Leto,"1,599,472","1,248",0,0,0,0,0
Ofenbach,"1,596,887",991,0,0,0,0,0
Bad Bunny & Chencho Corleone,"1,596,156",892,1,0,0,0,0
"cassö, RAYE & D-Block Europe","1,594,231","2,375",1,0,0,0,0
GIVĒON,"1,594,024",0,1,0,0,0,0
BENEE,"1,593,622",0,1,0,0,0,0
Davido,"1,583,353",447,0,0,0,0,0
Lazza,"1,570,229","1,322",0,0,0,0,0
Tyla,"1,569,222","1,685",1,0,0,0,0
Bonez MC,"1,569,216",128,0,0,0,0,0
GAYAZOV$ BROTHER$,"1,560,844",120,0,0,0,0,0
五月天,"1,558,124",317,0,0,0,0,0
Chris Brown & Young Thug,"1,557,582",0,1,0,0,0,0
아이유,"1,555,657",0,0,0,0,0,0
ヨルシカ,"1,543,818",131,0,0,0,0,0
Kontra K,"1,543,296",153,0,0,0,0,0
Alonzo,"1,540,583",88,0,0,0,0,0
Shindy,"1,538,219",0,0,0,0,0,0
Loboda,"1,535,295",0,0,0,0,0,0
Bad Bunny & Daddy Yankee,"1,531,611",901,1,0,0,0,0
Shakira,"1,529,113",0,0,0,0,0,0
Instasamka,"1,527,292",226,0,0,0,0,0
NF,"1,520,804",0,1,0,0,0,0
Nicky Jam & J Balvin,"1,512,458",0,1,0,0,0,0
Dan + Shay & Justin Bieber,"1,502,006",0,1,0,0,0,0
陳卓賢,"1,500,247",590,0,0,0,0,0
Lil Baby & Gunna,"1,498,217",118,1,0,0,0,0
Tani Yuuki,"1,497,696",773,0,0,0,0,0
Sidhu Moose Wala,"1,497,406",519,0,0,0,0,0
Don Toliver,"1,496,230",90,0,0,0,0,0
Bad Bunny & Bomba Estéreo,"1,493,134","1,399",1,0,0,0,0
Aimer,"1,483,563",74,0,0,0,0,0
Camilo,"1,476,446",0,0,0,0,0,0
告五人,"1,475,436",752,0,0,0,0,0
Meghan Trainor,"1,473,818",0,1,0,0,0,0
Sebastián Yatra,"1,472,018",0,0,0,0,0,0
Semicenk,"1,471,548","2,151",0,0,0,0,0
"Meduza, Becky Hill & GOODBOYS","1,470,532",0,1,0,0,0,0
NiziU,"1,469,937",66,0,0,0,0,0
태연,"1,467,236",0,0,0,0,0,0
Ayra Starr,"1,461,563","1,029",1,0,0,0,0
SEKAI NO OWARI,"1,460,759",739,0,0,0,0,0
iKON,"1,460,371",0,0,0,0,0,0
HONNE,"1,459,387",0,0,0,0,0,0
G-Eazy & Halsey,"1,459,311",0,1,0,0,0,0
Kate Bush,"1,457,526",0,1,0,0,0,0
Kelly Clarkson,"1,456,490",0,1,0,0,0,0
欅坂46,"1,455,876",0,0,0,0,0,0
Demi Lovato,"1,455,824",0,0,0,0,0,0
BTS (防弾少年団),"1,437,472",0,0,0,0,0,0
Bizarrap & Quevedo,"1,428,818",553,1,0,0,0,0
Kygo & Selena Gomez,"1,424,792",0,1,0,0,0,0
Ramil',"1,422,835",109,0,0,0,0,0
Junior H,"1,421,351","3,691",0,0,0,0,0
YNW Melly,"1,418,222",0,0,0,0,0,0
Big Baby Tape & kizaru,"1,415,559",0,0,0,0,0,0
Lauv & Troye Sivan,"1,410,676",0,1,0,0,0,0
"Jhay Cortez, J Balvin & Bad Bunny","1,406,379",0,1,0,0,0,0
Lil Pump,"1,399,120",0,1,0,0,0,0
(여자)아이들,"1,397,019",547,0,0,0,0,0
Orelsan,"1,392,780",0,0,0,0,0,0
Баста,"1,391,584",240,0,0,0,0,0
"ATB, Topic & A7S","1,385,379",0,1,0,0,0,0
Dept,"1,382,969",213,0,0,0,0,0
Zola,"1,382,282",0,0,0,0,0,0
Omer Adam,"1,381,829",736,0,0,0,0,0
藤井 風,"1,379,378",939,0,0,0,0,0
Pritam & Arijit Singh,"1,378,166",665,0,0,0,0,0
Billkin,"1,377,836",961,0,0,0,0,0
Lil Tecca,"1,364,280",0,0,0,0,0,0
Макс Корж,"1,362,563",0,0,0,0,0,0
Summer Cem,"1,359,755",0,0,0,0,0,0
Koba laD,"1,357,165",0,0,0,0,0,0
Kygo,"1,355,793",14,0,0,0,0,0
Childish Gambino,"1,349,881",0,0,0,0,0,0
Future & Metro Boomin,"1,347,078",315,0,0,0,0,0
Hozier,"1,346,751","13,373",0,0,0,0,0
Mahalini,"1,341,388","1,679",0,0,0,0,0
Matheus & Kauan,"1,341,282",78,0,0,0,0,0
Trippie Redd,"1,332,307",0,0,0,0,0,0
LANY,"1,325,352",0,0,0,0,0,0
Khalid & Normani,"1,322,923",0,1,0,0,0,0
Lomepal,"1,322,132",0,0,0,0,0,0
Lil Mosey,"1,321,802",0,1,0,0,0,0
Metro Boomin,"1,320,346",9,0,0,0,0,0
Sam Feldt,"1,318,611",0,1,0,0,0,0
surf mesa,"1,318,478",0,1,0,0,0,0
MERO,"1,314,191",0,0,0,0,0,0
Heuss L'enfoiré,"1,313,462","1,620",0,0,0,0,0
Loreen,"1,312,584",468,1,0,0,0,0
Bebe Rexha,"1,307,112",0,0,0,0,0,0
Lukas Graham,"1,305,616",15,0,0,0,0,0
Arijit Singh,"1,303,466",539,0,0,0,0,0
Justin Bieber & benny blanco,"1,301,087",0,1,0,0,0,0
"Anuel AA, Daddy Yankee & Karol G","1,299,852",275,1,0,0,0,0
21 Savage & Metro Boomin,"1,299,291",252,0,0,0,0,0
LINKIN PARK,"1,299,259",351,0,0,0,0,0
CJ,"1,296,571",0,1,0,0,0,0
高爾宣 OSN,"1,293,303",136,0,0,0,0,0
Polycat,"1,291,435",412,0,0,0,0,0
Ink Waruntorn,"1,289,982",124,0,0,0,0,0
Acraze,"1,284,913",0,1,0,0,0,0
Conan Gray,"1,281,534",0,0,0,0,0,0
Macklemore,"1,278,361",0,0,0,0,0,0
The Neighbourhood,"1,277,266",6,0,0,0,0,0
Loredana,"1,276,398",0,0,0,0,0,0
Леша Свик,"1,263,188",0,0,0,0,0,0
Frank Ocean,"1,254,516",819,0,0,0,0,0
James Hype & Miggy Dela Rosa,"1,245,214",0,1,0,0,0,0
헤이즈,"1,242,815",0,0,0,0,0,0
Hamza,"1,235,392",103,0,0,0,0,0
PinkPantheress & Ice Spice,"1,234,349",0,0,0,0,0,0
Internet Money & Gunna,"1,232,354",0,1,0,0,0,0
Dominic Fike,"1,220,961",0,1,0,0,0,0
Rosa Linn,"1,220,884",0,1,0,0,0,0
Hailee Steinfeld & Alesso,"1,220,750",0,1,0,0,0,0
清水 翔太,"1,219,259",0,0,0,0,0,0
DJ Snake & J Balvin,"1,209,059",0,1,0,0,0,0
NCT U,"1,208,081",0,0,0,0,0,0
twocolors,"1,207,878",0,0,0,0,0,0
邓紫棋,"1,204,834",924,0,0,0,0,0
Surfaces,"1,202,372",0,1,0,0,0,0
T-Fest,"1,198,026",0,0,0,0,0,0
NIKI,"1,191,566",858,0,0,0,0,0
Jay Chou,"1,190,235",0,0,0,0,0,0
Nekfeu,"1,186,191",0,0,0,0,0,0
XXXTENTACION & Lil Pump,"1,176,518",0,1,0,0,0,0
Capital Bra & Samra,"1,172,613",0,0,0,0,0,0
Lil Dicky,"1,168,312",0,0,0,0,0,0
Coldplay X BTS,"1,167,607",0,1,0,0,0,0
Dardan,"1,164,866",0,0,0,0,0,0
Zac Efron & Zendaya,"1,164,051",0,1,0,0,0,0
Andy Williams,"1,163,388",0,1,0,0,0,0
Shirin David,"1,156,050",0,0,0,0,0,0
乃木坂46,"1,155,254",0,0,0,0,0,0
Tayc,"1,153,867",0,0,0,0,0,0
Peso Pluma,"1,153,207","1,698",0,0,0,0,0
NONT TANONT,"1,151,817","1,969",0,0,0,0,0
Marshmello & Halsey,"1,150,040",0,1,0,0,0,0
MiyaGi,"1,147,582",69,0,0,0,0,0
Steve Lacy,"1,142,535",0,1,0,0,0,0
Kanye West & Lil Pump,"1,141,057",0,1,0,0,0,0
Tiësto & Dzeko,"1,141,046",0,1,0,0,0,0
Y2K & bbno$,"1,136,783",0,1,0,0,0,0
"J Balvin, Dua Lipa, Bad Bunny & Tainy","1,136,424",0,1,0,0,0,0
Shawn Mendes & Justin Bieber,"1,133,728",0,1,0,0,0,0
ジャスティン・ビーバー,"1,133,678",0,0,0,0,0,0
Marracash,"1,130,363",219,0,0,0,0,0
鄧紫棋,"1,129,751",113,0,0,0,0,0
Enrique Iglesias,"1,128,533",0,0,0,0,0,0
Mimi Webb,"1,127,801",0,0,0,0,0,0
Tom Grennan,"1,126,401",0,0,0,0,0,0
Purple Disco Machine & Sophie and the Giants,"1,121,638",0,0,0,0,0,0
Jess Glynne,"1,116,648",0,0,0,0,0,0
Eden Hason,"1,114,679",187,0,0,0,0,0
"Joel Corry, RAYE & David Guetta","1,113,255",0,1,0,0,0,0
"Imagine Dragons, JID & League of Legends","1,106,758",0,1,0,0,0,0
Gucci Mane,"1,105,557",0,0,0,0,0,0
Iñigo Quintero,"1,104,360",987,1,0,0,0,0
"The Weeknd, Kendrick Lamar","1,097,663",0,1,0,0,0,0
Bailey Zimmerman,"1,095,288",362,0,0,0,0,0
Bryson Tiller,"1,092,638","1,967",0,0,0,0,0
Martin Garrix & Troye Sivan,"1,087,288",0,1,0,0,0,0
"Silk City, Dua Lipa","1,084,447",0,1,0,0,0,0
瘦子E.SO,"1,084,201",0,0,0,0,0,0
Bobby Helms,"1,080,923",0,1,0,0,0,0
Zion & Lennox,"1,077,073",0,0,0,0,0,0
Nicky Youre & Dazy,"1,076,957",0,1,0,0,0,0
Big Baby Tape,"1,074,415",0,0,0,0,0,0
Lacrim,"1,073,687",397,0,0,0,0,0
Annalisa,"1,070,616",704,0,0,0,0,0
"Alan Walker, Noah Cyrus & Digital Farm Animals","1,069,799",0,1,0,0,0,0
"Hugh Jackman, Keala Settle, Zac Efron, Zendaya & The Greatest Showman Ensemble","1,065,779",0,1,0,0,0,0
Oasis,"1,064,858",564,0,0,0,0,0
Quevedo,"1,062,626",369,0,0,0,0,0
ZICO,"1,062,090","2,245",0,0,0,0,0
AJ Tracey,"1,059,485",0,0,0,0,0,0
"Jay Wheeler, DJ Nelson & Myke Towers","1,057,228",6,1,0,0,0,0
Ella Mai,"1,056,576",0,0,0,0,0,0
The Goo Goo Dolls,"1,055,438",722,1,0,0,0,0
Stray Kids,"1,042,799",0,0,0,0,0,0
"Nio García, Casper Mágico & Bad Bunny","1,040,845",0,1,0,0,0,0
Alec Benjamin,"1,036,757",0,0,0,0,0,0
DAOKO×米津玄師,"1,035,944",0,0,0,0,0,0
뉴진스,"1,033,876","1,986",0,0,0,0,0
Marco Mengoni,"1,032,231",42,0,0,0,0,0
Chris Stapleton,"1,029,893","1,252",0,0,0,0,0
Nina Chuba,"1,026,414","1,214",0,0,0,0,0
Bausa,"1,026,063",14,0,0,0,0,0
DISH//,"1,022,533",0,0,0,0,0,0
Official HIGE DANdism,"1,021,835",977,0,0,0,0,0
Calvin Harris & Ellie Goulding,"1,021,334",0,1,0,0,0,0
Gazapizm,"1,015,846",0,0,0,0,0,0
Swedish House Mafia & The Weeknd,"1,014,903",129,1,0,0,0,0
Sabrina Carpenter,"1,012,639","17,076",0,0,0,0,0
Tulus,"1,011,931",212,0,0,0,0,0
Bad Bunny & ROSALÍA,"1,011,021",46,1,0,0,0,0
The Carters,"1,009,497",0,0,0,0,0,0
ROSÉ,"1,008,111",0,0,0,0,0,0
YOUNGOHM,"1,004,977",0,0,0,0,0,0
JENNIE (from BLACKPINK),"1,004,272",0,1,0,0,0,0
Elton John,"1,003,781",64,0,0,0,0,0
Fred De Palma,"1,003,190",0,0,0,0,0,0
Liam Payne & Rita Ora,"1,000,768",0,1,0,0,0,0
Lipta,"995,273",0,0,0,0,0,0
Zara Larsson,"994,301",123,0,0,0,0,0
MEYOU,"992,782","1,638",0,0,0,0,0
Headie One,"991,091",0,0,0,0,0,0
The Weeknd & Madonna,"988,573",97,0,0,0,0,0
Asake,"987,746",501,0,0,0,0,0
"David Guetta, Becky Hill & Ella Henderson","985,919",0,0,0,0,0,0
IZ*ONE,"982,977",0,0,0,0,0,0
Khalid & Disclosure,"981,040",0,0,0,0,0,0
Gazzelle,"980,117",823,0,0,0,0,0
Rkomi,"974,894",0,0,0,0,0,0
Elley Duhé,"973,836",0,0,0,0,0,0
AC/DC,"973,453",197,0,0,0,0,0
Libianca,"972,963",0,0,0,0,0,0
Eva,"972,136",242,0,0,0,0,0
Udo Lindenberg & Apache 207,"966,173","1,268",0,0,0,0,0
Sefo,"965,945",405,0,0,0,0,0
Mabel Matiz,"963,811",567,0,0,0,0,0
Gzuz,"962,604",74,0,0,0,0,0
Ariana Grande & Social House,"954,254",97,0,0,0,0,0
Pharaoh,"952,376",0,0,0,0,0,0
Jhené Aiko,"951,535",198,0,0,0,0,0
Peggy Gou,"949,093",37,0,0,0,0,0
LSD,"946,896",0,0,0,0,0,0
Tedua,"945,054","5,569",0,0,0,0,0
Sangiovanni,"943,900",0,0,0,0,0,0
Only Monday,"941,940","1,739",0,0,0,0,0
Lorde,"939,976",0,0,0,0,0,0
Feduk,"937,933",0,0,0,0,0,0
Meduza & Goodboys,"936,795",0,0,0,0,0,0
Rich The Kid,"936,153",0,0,0,0,0,0
盧廣仲,"935,028",0,0,0,0,0,0
"DJ Luian, Mambo Kingz & Anuel AA","934,055",8,0,0,0,0,0
Nathan Dawe,"933,301",704,0,0,0,0,0
Leony,"932,534",497,0,0,0,0,0
Loren Allred,"932,310",0,0,0,0,0,0
blackbear,"931,116",0,0,0,0,0,0
BlocBoy JB,"930,924",0,0,0,0,0,0
Maroon 5 & Megan Thee Stallion,"928,194",0,0,0,0,0,0
Pink Sweat$,"928,073",0,0,0,0,0,0
Vegedream,"928,028",0,0,0,0,0,0
Kabza De Small,"927,238",88,0,0,0,0,0
OBOY,"925,905",0,0,0,0,0,0
YEW,"925,070",718,0,0,0,0,0
Lauren Spencer-Smith,"924,196",0,0,0,0,0,0
変態紳士クラブ,"923,525",0,0,0,0,0,0
UrboyTJ,"921,866",129,0,0,0,0,0
Cairokee,"921,804",857,0,0,0,0,0
Ben Fero,"921,493",0,0,0,0,0,0
Rauw Alejandro & Chencho Corleone,"919,996",105,0,0,0,0,0
"Tainy, Anuel AA & Ozuna","918,370",474,0,0,0,0,0
Jorja Smith,"917,773",0,0,0,0,0,0
WanYai,"916,437",0,0,0,0,0,0
G-Eazy,"915,935",0,0,0,0,0,0
Wegz,"911,126",270,0,0,0,0,0
BIG Naughty,"909,605",257,0,0,0,0,0
Sido,"908,163",0,0,0,0,0,0
Wanna One,"907,654",0,0,0,0,0,0
Lil Tjay & 6LACK,"907,577",0,0,0,0,0,0
Natti Natasha & Ozuna,"907,024",0,0,0,0,0,0
Brenda Lee,"906,517",0,0,0,0,0,0
Maître Gims,"903,031",0,0,0,0,0,0
Veysel,"899,131",0,0,0,0,0,0
Edis,"898,864",121,0,0,0,0,0
Reik,"896,130",14,0,0,0,0,0
MATRANG,"895,954",464,0,0,0,0,0
Oliver Tree & Robin Schulz,"895,266",0,0,0,0,0,0
kizaru,"894,930",0,0,0,0,0,0
Azet,"894,886",0,0,0,0,0,0
"Bad Bunny, Jowell Y Randy & Ñengo Flow","894,270",122,0,0,0,0,0
緑黄色社会,"890,390",587,0,0,0,0,0
José Feliciano,"889,690",0,0,0,0,0,0
"Rich Music LTD, Sech & Dalex","886,806",0,0,0,0,0,0
Pop Pongkool,"886,779",276,0,0,0,0,0
Marshmello & Jonas Brothers,"886,045",0,0,0,0,0,0
Kaaris,"884,421",107,0,0,0,0,0
Bebe Rexha & Florida Georgia Line,"882,296",0,0,0,0,0,0
Soolking,"880,845",0,0,0,0,0,0
"Ziv Zaifman, Hugh Jackman & Michelle Williams","880,180",0,0,0,0,0,0
Stromae,"877,711",0,0,0,0,0,0
Yüzyüzeyken Konuşuruz,"877,023",22,0,0,0,0,0
Vald,"875,243",0,0,0,0,0,0
呂爵安,"873,005",206,0,0,0,0,0
Natasha Bedingfield,"872,466","2,365",0,0,0,0,0
Master KG,"871,351",0,0,0,0,0,0
Gambi,"871,115",0,0,0,0,0,0
Mahmood,"869,588",673,0,0,0,0,0
宇多田ヒカル,"868,023",113,0,0,0,0,0
Pamungkas,"867,328",0,0,0,0,0,0
Morat,"866,809",31,0,0,0,0,0
WINNER,"861,159",0,0,0,0,0,0
"Carolina Gaitán - La Gaita, Mauro Castillo, Adassa, Rhenzy Feliz, Diane Guerrero, Stephanie Beatriz & Encanto - Cast","860,019",0,0,0,0,0,0
AKMU,"859,605",900,0,0,0,0,0
Lil Tjay,"858,655",0,0,0,0,0,0
Drax Project,"857,047",0,0,0,0,0,0
"Migos, Nicki Minaj & Cardi B","856,724",0,0,0,0,0,0
RIIZE,"853,477","2,439",0,0,0,0,0
Carl Brave,"853,359",0,0,0,0,0,0
MHD,"851,235",0,0,0,0,0,0
Lil Kleine,"849,447",0,0,0,0,0,0
Jamule,"849,295",0,0,0,0,0,0
NAV,"847,529",0,0,0,0,0,0
"¥$, Kanye West & Ty Dolla $ign","846,191",0,0,0,0,0,0
MARKUL,"844,100",0,0,0,0,0,0
NMIXX,"843,958",373,0,0,0,0,0
Cheat Codes,"842,091",0,0,0,0,0,0
Azet & Zuna,"839,222",0,0,0,0,0,0
Gunna & Future,"839,052",0,0,0,0,0,0
Travis Scott & HVME,"837,948",0,0,0,0,0,0
Diego & Victor Hugo,"835,882",0,0,0,0,0,0
スピッツ,"835,572",612,0,0,0,0,0
Offset & Metro Boomin,"833,860",0,0,0,0,0,0
Juice WRLD & Marshmello,"833,779",0,0,0,0,0,0
KAROL G & Shakira,"833,541",314,0,0,0,0,0
林宥嘉,"833,448",502,0,0,0,0,0
Brent Faiyaz,"832,905",0,0,0,0,0,0
JAY-Z,"832,689",0,0,0,0,0,0
John Legend,"830,423",0,0,0,0,0,0
데이식스,"829,851","1,894",0,0,0,0,0
柳應廷,"827,850",0,0,0,0,0,0
Toto,"826,600",147,0,0,0,0,0
Omah Lay,"825,814",353,0,0,0,0,0
Sheck Wes,"825,400",0,0,0,0,0,0
MAC MILLER,"823,026",0,0,0,0,0,0
Bizarrap & Shakira,"822,868",8,0,0,0,0,0
Felix Jaehn,"820,826",0,0,0,0,0,0
Calin,"820,587","3,743",0,0,0,0,0
Louis Tomlinson,"820,454",0,0,0,0,0,0
Kygo & Imagine Dragons,"816,465",0,0,0,0,0,0
Hilltop Hoods,"814,923",0,0,0,0,0,0
蔡依林,"814,512",0,0,0,0,0,0
Sebastian Yatra,"813,466",0,0,0,0,0,0
Achille Lauro,"813,148",0,0,0,0,0,0
Playboi Carti,"812,132",0,0,0,0,0,0
Djo,"809,608","4,196",0,0,0,0,0
Mora,"809,170",607,0,0,0,0,0
Nicky Jam,"807,763",0,0,0,0,0,0
Zoe Wees,"806,633",0,0,0,0,0,0
Anuel AA & Haze,"805,200",745,0,0,0,0,0
"Galantis, David Guetta & Little Mix","804,454",0,0,0,0,0,0
F.HERO,"802,480",0,0,0,0,0,0
Nicki Minaj & Ice Spice,"802,406",0,0,0,0,0,0
Rauw Alejandro & Anuel AA,"801,902",0,0,0,0,0,0
"Tainy, Bad Bunny & Julieta Venegas","799,908",0,0,0,0,0,0
"THE SCOTTS, Travis Scott & Kid Cudi","796,073",0,0,0,0,0,0
Big Shaq,"795,051",0,0,0,0,0,0
Sezen Aksu,"794,072",610,0,0,0,0,0
YG,"792,476",0,0,0,0,0,0
Coi Leray,"791,819",0,0,0,0,0,0
Marwa Loud,"791,793",0,0,0,0,0,0
Landy,"790,531",210,0,0,0,0,0
Timal,"789,449",149,0,0,0,0,0
Karan Aujla & Ikky,"789,273","1,274",0,0,0,0,0
6LACK,"788,807",0,0,0,0,0,0
P!nk & Willow Sage Hart,"786,069",0,0,0,0,0,0
Макс Барских,"785,776",0,0,0,0,0,0
Lil Baby & Drake,"785,462",0,0,0,0,0,0
Shakin' Stevens,"785,317",0,0,0,0,0,0
Macklemore & Ryan Lewis,"779,978",0,0,0,0,0,0
Duncan Laurence,"777,160",0,0,0,0,0,0
STAYC,"776,960",0,0,0,0,0,0
Martin Garrix & David Guetta,"775,833",0,0,0,0,0,0
KSI,"773,344",0,0,0,0,0,0
RADWIMPS,"773,215",0,0,0,0,0,0
方皓玟,"773,179",28,0,0,0,0,0
Dua Lipa & BLACKPINK,"771,304",0,0,0,0,0,0
SERIOUS BACON,"769,537",261,0,0,0,0,0
Guilherme & Benuto,"769,088",29,0,0,0,0,0
Takagi & Ketra,"768,283",120,0,0,0,0,0
Band Aid,"766,433",0,0,0,0,0,0
The Chainsmokers & 5 Seconds of Summer,"764,864",0,0,0,0,0,0
Dean Martin,"763,981",0,0,0,0,0,0
Xolidayboy,"763,122","2,090",0,0,0,0,0
Cardi B & Bruno Mars,"762,541",0,0,0,0,0,0
Mr.Children,"761,845",108,0,0,0,0,0
Елена Темникова,"761,506",0,0,0,0,0,0
Tiara Andini,"761,224",700,0,0,0,0,0
椎名林檎,"759,367",90,0,0,0,0,0
Da-iCE,"759,338","1,338",0,0,0,0,0
Thegiornalisti,"759,218",0,0,0,0,0,0
Pooh Shiesty,"757,172",0,0,0,0,0,0
Karan Aujla,"754,078",475,0,0,0,0,0
Calum Scott,"754,026",0,0,0,0,0,0
Doja Cat & The Weeknd,"753,713",0,0,0,0,0,0
于文文,"753,113",0,0,0,0,0,0
Basta,"752,642","1,695",0,0,0,0,0
Jeremy Zucker,"750,304",0,0,0,0,0,0
Chris Rea,"749,134",0,0,0,0,0,0
ROSALÍA & J Balvin,"748,491",0,0,0,0,0,0
BLACKPINK & Selena Gomez,"748,480",0,0,0,0,0,0
Young T & Bugsey,"747,831",0,0,0,0,0,0
Separ,"746,901",106,0,0,0,0,0
Eslabon Armado & Peso Pluma,"746,654",119,0,0,0,0,0
Kehlani,"742,929",83,0,0,0,0,0
BIGBANG,"741,350",0,0,0,0,0,0
"Black Eyed Peas, Ozuna & J. Rey Soul","740,046",0,0,0,0,0,0
Freya Ridings,"739,801",0,0,0,0,0,0
ROSALÍA & Rauw Alejandro,"739,476",33,0,0,0,0,0
"Alan Walker, Sabrina Carpenter & Farruko","738,068",0,0,0,0,0,0
Mary Gu,"736,887",0,0,0,0,0,0
Osher Cohen,"735,536",746,0,0,0,0,0
J Balvin & Zion & Lennox,"734,046",0,0,0,0,0,0
Nico Santos,"732,897",0,0,0,0,0,0
Becky G & Natti Natasha,"732,670",0,0,0,0,0,0
청하,"732,192",0,0,0,0,0,0
Safeplanet,"731,261",51,0,0,0,0,0
Sophie Ellis-Bextor,"730,139",980,0,0,0,0,0
aimyon,"729,944",0,0,0,0,0,0
Ofenbach & Quarterhead,"729,165",0,0,0,0,0,0
Hornet La Frappe,"729,021",0,0,0,0,0,0
floyymenor & Cris Mj,"728,914","11,712",0,0,0,0,0
Frank Sinatra,"728,442",0,0,0,0,0,0
Marshmello & Kane Brown,"726,540","2,372",0,0,0,0,0
Samra & Capital Bra,"725,892",0,0,0,0,0,0
Jubël,"725,880",0,0,0,0,0,0
平井 大,"725,743",0,0,0,0,0,0
Offset,"725,206",0,0,0,0,0,0
Rag'n'Bone Man,"724,502",604,0,0,0,0,0
reezy,"724,045",870,0,0,0,0,0
Люся Чеботина,"722,348",733,0,0,0,0,0
嵐,"721,794",0,0,0,0,0,0
Peter Fox,"721,414",103,0,0,0,0,0
Lil Baby & Lil Durk,"720,893",0,0,0,0,0,0
twenty one pilots,"719,307",0,0,0,0,0,0
Arcángel & Bad Bunny,"719,098",90,0,0,0,0,0
Murda & Ezhel,"718,728",0,0,0,0,0,0
Bad Bunny & Rauw Alejandro,"717,785",0,0,0,0,0,0
Artemas,"717,540","8,839",0,0,0,0,0
Minelli,"717,516",0,0,0,0,0,0
Atom Chanakan,"717,361",781,0,0,0,0,0
八三夭,"717,217",0,0,0,0,0,0
J Balvin & Maria Becerra,"716,654",0,0,0,0,0,0
Xavi,"715,570","1,559",0,0,0,0,0
"Manuel Turizo, Rauw Alejandro & Myke Towers","715,274",0,0,0,0,0,0
"David Guetta, Anne-Marie & Coi Leray","714,962",6,0,0,0,0,0
RAF Camora & Bonez MC,"714,663",381,0,0,0,0,0
Lartiste,"714,228",0,0,0,0,0,0
MONATIK,"713,026",196,0,0,0,0,0
Fredo,"710,515",0,0,0,0,0,0
Capo,"709,788",0,0,0,0,0,0
Bad Bunny & Jhayco,"707,643",814,0,0,0,0,0
AP Dhillon,"706,790",532,0,0,0,0,0
MEAN,"704,919",0,0,0,0,0,0
"HUNCHO JACK, Travis Scott & Quavo","704,850",0,0,0,0,0,0
Carin Leon,"704,283",0,0,0,0,0,0
Juice WRLD & YoungBoy Never Broke Again,"704,080",0,0,0,0,0,0
李榮浩,"701,338",0,0,0,0,0,0
Kollegah & Farid Bang,"700,477",0,0,0,0,0,0
비오,"698,926",0,0,0,0,0,0
C. Tangana,"697,492",0,0,0,0,0,0
Charli XCX,"695,589",363,0,0,0,0,0
ROSALÍA & Travis Scott,"694,862",0,0,0,0,0,0
Feid & Young Miko,"694,313",831,0,0,0,0,0
Piso 21 & Micro Tdh,"694,034",172,0,0,0,0,0
Jax Jones & MNEK,"693,692",0,0,0,0,0,0
Мальбэк,"693,411",0,0,0,0,0,0
Aventura & Bad Bunny,"693,031",0,0,0,0,0,0
"Lunay, Daddy Yankee & Bad Bunny","693,008",0,0,0,0,0,0
Sam Fischer,"692,995",0,0,0,0,0,0
Freeze corleone,"692,808",0,0,0,0,0,0
Kabza De Small & DJ Maphorisa,"692,502",0,0,0,0,0,0
Zeynep Bastık,"692,061",549,0,0,0,0,0
Guè Pequeno,"691,975",0,0,0,0,0,0
Gemitaiz,"690,988",41,0,0,0,0,0
Lil Baby & 42 Dugg,"690,969",0,0,0,0,0,0
The Black Eyed Peas & J Balvin,"689,262",0,0,0,0,0,0
Mr.Rain,"688,271",0,0,0,0,0,0
thasup,"688,064",0,0,0,0,0,0
Ben&Ben,"687,236",139,0,0,0,0,0
Regard & Raye,"686,669",0,0,0,0,0,0
NLE Choppa,"686,587",0,0,0,0,0,0
Elodie,"686,345",839,0,0,0,0,0
JP Saxe & Julia Michaels,"686,260",0,0,0,0,0,0
Elton John & Britney Spears,"685,733",0,0,0,0,0,0
Bad Bunny & Mora,"685,667",0,0,0,0,0,0
Tha Supreme,"684,615",0,0,0,0,0,0
Creepy Nuts,"683,524","2,097",0,0,0,0,0
Nimo,"683,425",0,0,0,0,0,0
Danna Paola,"683,033",0,0,0,0,0,0
JUJU,"683,026",0,0,0,0,0,0
Sam Fender,"682,100",82,0,0,0,0,0
JVKE,"679,960",21,0,0,0,0,0
Kygo & Miguel,"679,928",0,0,0,0,0,0
Anitta & J Balvin,"679,664",0,0,0,0,0,0
Amy Shark,"679,474",0,0,0,0,0,0
Dan + Shay,"676,795",0,0,0,0,0,0
Bad Bunny & Sech,"675,115",0,0,0,0,0,0
Nea,"674,509",0,0,0,0,0,0
張惠妹,"673,663",107,0,0,0,0,0
マルーン5,"671,445",0,0,0,0,0,0
莫文蔚,"670,139",0,0,0,0,0,0
Kali Uchis,"670,045",0,0,0,0,0,0
ちゃんみな,"670,017",228,0,0,0,0,0
Wiz Khalifa,"669,593",0,0,0,0,0,0
Sebastián Yatra & Myke Towers,"669,587",0,0,0,0,0,0
HATIK,"669,092",0,0,0,0,0,0
Suzan & Freek,"669,046",21,0,0,0,0,0
"Ellie Goulding, Diplo & Swae Lee","668,021",0,0,0,0,0,0
Oxlade,"666,765",0,0,0,0,0,0
Kanye West & Ty Dolla $ign,"666,493",0,0,0,0,0,0
Post Malone & The Weeknd,"666,168",0,0,0,0,0,0
Bennett,"666,057","1,095",0,0,0,0,0
Reynmen,"664,935",876,0,0,0,0,0
Saweetie,"664,779",0,0,0,0,0,0
Future & Lil Uzi Vert,"664,377",0,0,0,0,0,0
Kylie Minogue,"663,400",0,0,0,0,0,0
Luan Santana,"663,192",0,0,0,0,0,0
YG Marley,"662,626",675,0,0,0,0,0
Franglish,"661,117","1,233",0,0,0,0,0
"The Weeknd, JENNIE & Lily Rose Depp","660,932","1,458",0,0,0,0,0
Machine Gun Kelly & blackbear,"660,546",0,0,0,0,0,0
Journey,"660,533",737,0,0,0,0,0
BLOK3,"660,194","1,083",0,0,0,0,0
Justin Quiles,"659,663",0,0,0,0,0,0
FIFTY FIFTY,"658,711",0,0,0,0,0,0
LF SYSTEM,"656,402",76,0,0,0,0,0
Alvaro Soler,"652,671",0,0,0,0,0,0
Fedez,"651,563",0,0,0,0,0,0
"David Guetta, Bebe Rexha & J Balvin","650,921",0,0,0,0,0,0
Anuel AA & Bad Bunny,"650,184",908,0,0,0,0,0
Yandel & Feid,"650,043",370,0,0,0,0,0
Tananai,"644,706",624,0,0,0,0,0
zzoilo & Aitana,"642,658",0,0,0,0,0,0
Nines,"642,075",0,0,0,0,0,0
Yandel,"640,595",163,0,0,0,0,0
Martin Garrix & Dua Lipa,"638,717",0,0,0,0,0,0
NO ONE ELSE,"638,552",58,0,0,0,0,0
10AGE,"637,768",0,0,0,0,0,0
Becky Hill & David Guetta,"637,454",0,0,0,0,0,0
Anuel AA & Karol G,"635,742",51,0,0,0,0,0
"Bad Bunny, Prince Royce & J Balvin","635,447",14,0,0,0,0,0
Sauti Sol,"635,131",0,0,0,0,0,0
Ryan Castro,"634,518",325,0,0,0,0,0
Fireboy DML & Ed Sheeran,"634,235",0,0,0,0,0,0
Baby K,"634,077",0,0,0,0,0,0
ZAYN & Taylor Swift,"633,695",0,0,0,0,0,0
Jason Derulo & Nuka,"633,547",0,0,0,0,0,0
187 Strassenbande,"633,020",0,0,0,0,0,0
Mora & Feid,"632,435",472,0,0,0,0,0
Kenshi Yonezu,"632,398","1,925",0,0,0,0,0
DA Uzi,"631,808",439,0,0,0,0,0
川崎鷹也,"630,535",0,0,0,0,0,0
Aaron Smith,"629,880",0,0,0,0,0,0
The Ronettes,"629,568",0,0,0,0,0,0
Reik & Maluma,"629,461",0,0,0,0,0,0
Lost Frequencies,"628,456",0,0,0,0,0,0
KAROL G & Peso Pluma,"628,224","1,116",0,0,0,0,0
Ernia,"627,321",56,0,0,0,0,0
JC,"626,036",0,0,0,0,0,0
Myke Towers & Juhn,"625,916",0,0,0,0,0,0
蔡健雅,"625,287",258,0,0,0,0,0
Metro Boomin & Future,"624,957",177,0,0,0,0,0
Mustard & Roddy Ricch,"621,863",0,0,0,0,0,0
KC Rebell & Summer Cem,"621,590",0,0,0,0,0,0
Emir Can İğrek,"621,485",43,0,0,0,0,0
SLAVA MARLOW,"621,146",0,0,0,0,0,0
KC Rebell,"621,041",0,0,0,0,0,0
Becky G. & KAROL G,"620,847",0,0,0,0,0,0
Sam Hunt,"619,545",0,0,0,0,0,0
Peso Pluma & Natanael Cano,"619,532",435,0,0,0,0,0
"Jul, SCH, Naps, Kofs, Elams, Solda, Houari & Soso Maness","617,437",0,0,0,0,0,0
Rocco Hunt,"615,015",138,0,0,0,0,0
J Balvin & Jowell & Randy,"614,624",0,0,0,0,0,0
Kevin Gates,"614,613",0,0,0,0,0,0
Azahriah,"613,241","1,261",0,0,0,0,0
S1mba,"612,842",0,0,0,0,0,0
L.A.B.,"612,769",0,0,0,0,0,0
李荣浩,"612,760",0,0,0,0,0,0
任然,"612,723",232,0,0,0,0,0
Bushido,"612,722",311,0,0,0,0,0
洪嘉豪,"611,973",306,0,0,0,0,0
Hugh Jackman & Zac Efron,"611,818",0,0,0,0,0,0
Kalash,"611,486",0,0,0,0,0,0
Sean Paul,"610,991",0,0,0,0,0,0
10cm,"608,872","1,090",0,0,0,0,0
Simge,"608,480",413,0,0,0,0,0
"Nathan Evans, 220 KID & Billen Ted","607,457",0,0,0,0,0,0
JP Saxe,"607,062",0,0,0,0,0,0
Tom Gregory,"605,905",0,0,0,0,0,0
dhruv,"605,428",0,0,0,0,0,0
JJ Lin,"605,034",552,0,0,0,0,0
Eyal Golan,"604,488",141,0,0,0,0,0
RK,"604,279","2,431",0,0,0,0,0
SHAED & ZAYN,"604,135",0,0,0,0,0,0
에픽하이,"603,807",0,0,0,0,0,0
Awesome City Club,"603,381",0,0,0,0,0,0
Mustard & Migos,"600,712",0,0,0,0,0,0
Kings of Leon,"600,148",344,0,0,0,0,0
MC Cheung Tinfu,"599,883",395,0,0,0,0,0
Face,"599,742",0,0,0,0,0,0
Cakal,"599,454",182,0,0,0,0,0
"Mau y Ricky, Manuel Turizo & Camilo","598,932",0,0,0,0,0,0
薛之謙,"597,385",0,0,0,0,0,0
"Nio García, Anuel AA & Myke Towers","597,289",0,0,0,0,0,0
Montez,"597,012",96,0,0,0,0,0
Sagopa Kajmer,"596,160",0,0,0,0,0,0
Eno,"594,592",0,0,0,0,0,0
Sean Paul & David Guetta,"594,362",0,0,0,0,0,0
Grupo Frontera & Bad Bunny,"592,835",166,0,0,0,0,0
2 Chainz,"591,582",0,0,0,0,0,0
Azahriah & Desh,"590,890",649,0,0,0,0,0
ずっと真夜中でいいのに。,"590,631",82,0,0,0,0,0
Güneş,"590,546",74,0,0,0,0,0
Jamie Miller,"590,248",0,0,0,0,0,0
NILETTO,"589,978",0,0,0,0,0,0
Rauw Alejandro & Farruko,"589,686",0,0,0,0,0,0
"Metro Boomin, Future & Chris Brown","589,388",0,0,0,0,0,0
Aleyna Tilki,"588,324",63,0,0,0,0,0
LE SSERAFIM & Nile Rodgers,"587,356",0,0,0,0,0,0
Olexesh,"586,928",0,0,0,0,0,0
Kelvin Momo,"586,747",19,0,0,0,0,0
"Ariana Grande, Miley Cyrus & Lana Del Rey","586,563",0,0,0,0,0,0
Tems,"586,249","1,311",0,0,0,0,0
Yzomandias,"582,979",35,0,0,0,0,0
サカナクション,"582,923",0,0,0,0,0,0
Ramz,"582,537",0,0,0,0,0,0
Mirror,"582,082",0,0,0,0,0,0
"Peso Pluma, Gabito Ballesteros & Junior H","580,990",974,0,0,0,0,0
Naza,"580,349",283,0,0,0,0,0
Clean Bandit & Mabel,"580,270",0,0,0,0,0,0
KeBlack,"579,590","2,015",0,0,0,0,0
Dark Polo Gang,"578,632",0,0,0,0,0,0
Ritviz,"578,410",0,0,0,0,0,0
Madame,"577,618",0,0,0,0,0,0
"Mora, Bad Bunny & Sech","576,605",0,0,0,0,0,0
StaySolidRocky,"576,286",0,0,0,0,0,0
アヴィーチー,"574,836",0,0,0,0,0,0
Palmy,"573,267",0,0,0,0,0,0
OG Buda,"572,541",0,0,0,0,0,0
Shouse,"570,828",0,0,0,0,0,0
JISOO,"570,512",0,0,0,0,0,0
Rauw Alejandro & Mr. Naisgai,"570,191",0,0,0,0,0,0
Buray,"569,123",0,0,0,0,0,0
James Arthur & Anne-Marie,"568,881",0,0,0,0,0,0
MAMAMOO,"567,289",0,0,0,0,0,0
"Alex Rose, Rauw Alejandro, Cazzu, Lenny Tavárez & Lyanno","566,271",0,0,0,0,0,0
Boza,"566,066",0,0,0,0,0,0
Luísa Sonza,"566,057",86,0,0,0,0,0
Flume,"565,526",0,0,0,0,0,0
Mustard,"565,241",0,0,0,0,0,0
Монеточка,"563,656","2,151",0,0,0,0,0
Muni Long,"563,613",82,0,0,0,0,0
Yng Lvcas & Peso Pluma,"563,179",40,0,0,0,0,0
"21 Savage, Offset & Metro Boomin","562,792",0,0,0,0,0,0
Lady Gaga & BLACKPINK,"562,675",0,0,0,0,0,0
Patrickananda,"562,598",0,0,0,0,0,0
Gazo & Tiakola,"560,700",780,0,0,0,0,0
Wolfine,"560,601",0,0,0,0,0,0
V $ X V PRiNCE,"560,487",271,0,0,0,0,0
Violette Wautier,"559,128",0,0,0,0,0,0
Lvbel C5,"558,049","1,269",0,0,0,0,0
Aitch,"557,571",0,0,0,0,0,0
The Kolors,"557,296",907,0,0,0,0,0
Black Eyed Peas & J Balvin,"557,172",0,0,0,0,0,0
멜로망스,"555,629",0,0,0,0,0,0
Jaymes Young,"554,748",0,0,0,0,0,0
Mark Forster,"554,481",0,0,0,0,0,0
yama,"554,243",0,0,0,0,0,0
Fireboy DML,"553,231",134,0,0,0,0,0
Earth Patravee,"552,592",0,0,0,0,0,0
BUMP OF CHICKEN,"552,535",0,0,0,0,0,0
Pabllo Vittar,"552,298",89,0,0,0,0,0
Normani,"551,364",0,0,0,0,0,0
Quavo,"550,710",0,0,0,0,0,0
A-Lin,"549,894",0,0,0,0,0,0
BLOOM VASE,"549,237",0,0,0,0,0,0
Jung Kook,"549,187",0,0,0,0,0,0
Tattoo Colour,"548,706",453,0,0,0,0,0
The Pogues,"548,394",0,0,0,0,0,0
박재범,"548,133",0,0,0,0,0,0
Eliza Rose & Interplanetary Criminal,"547,872",0,0,0,0,0,0
D Gerrard,"547,134",718,0,0,0,0,0
Emis Killa,"546,090",54,0,0,0,0,0
Allj,"546,001",0,0,0,0,0,0
Fellow Fellow,"545,941","2,164",0,0,0,0,0
"Rauw Alejandro, Lyanno & Brray","545,298",197,0,0,0,0,0
NЮ,"544,523",127,0,0,0,0,0
Merve Özbey,"543,376",0,0,0,0,0,0
Антон Токарев,"543,353",315,0,0,0,0,0
Silvestre Dangond,"543,211",82,0,0,0,0,0
EGO,"543,051",0,0,0,0,0,0
NSG,"543,015",0,0,0,0,0,0
"benny blanco, Tainy, Selena Gomez & J Balvin","542,842",0,0,0,0,0,0
Aitana,"541,838",0,0,0,0,0,0
LP,"541,711",0,0,0,0,0,0
Sigala & Paloma Faith,"540,211",0,0,0,0,0,0
Dua Lipa & Angèle,"539,822",0,0,0,0,0,0
Maggie Lindemann,"539,370",0,0,0,0,0,0
CNCO,"537,607",0,0,0,0,0,0
Florence + The Machine,"537,411",394,0,0,0,0,0
Arcángel,"536,838","1,176",0,0,0,0,0
"Nio García, J Balvin & Bad Bunny","535,672",0,0,0,0,0,0
ILLIT,"534,906","5,927",0,0,0,0,0
폴킴,"534,856",0,0,0,0,0,0
BABYMONSTER,"533,904","5,258",0,0,0,0,0
TOMORROW X TOGETHER,"533,755",0,0,0,0,0,0
Sigrid,"533,424",0,0,0,0,0,0
Tedua & Chris Nolan,"531,674",102,0,0,0,0,0
Marília Mendonça & Maiara & Maraisa,"531,222",183,0,0,0,0,0
Shane Codd,"530,662",0,0,0,0,0,0
"Paul Woolford, Diplo & Kareen Lomax","530,054",0,0,0,0,0,0
Gradur,"528,443",0,0,0,0,0,0
Benji & Fede,"527,816",0,0,0,0,0,0
John Mayer,"527,608",0,0,0,0,0,0
"Young Stoner Life, Young Thug & Gunna","527,220",0,0,0,0,0,0
Paul McCartney,"526,986",0,0,0,0,0,0
Elettra Lamborghini,"526,790",0,0,0,0,0,0
"Sech, Daddy Yankee & J Balvin","526,520",0,0,0,0,0,0
PARTYNEXTDOOR & Rihanna,"526,385",0,0,0,0,0,0
Guns N' Roses,"526,263",451,0,0,0,0,0
Soso Maness,"526,090",0,0,0,0,0,0
HVME,"525,379",0,0,0,0,0,0
Zkr,"524,659",0,0,0,0,0,0
Diplo,"523,762",0,0,0,0,0,0
Manuş Baba,"523,437",0,0,0,0,0,0
Carlos Vives & Sebastian Yatra,"522,860",0,0,0,0,0,0
Wisin,"522,848",0,0,0,0,0,0
Burak Yeter,"522,821",0,0,0,0,0,0
Cris Mj,"522,687","1,100",0,0,0,0,0
Labrinth,"522,184",0,0,0,0,0,0
Rauw Alejandro & Camilo,"522,033",0,0,0,0,0,0
TREASURE,"521,156",0,0,0,0,0,0
Zedd & Elley Duhé,"521,139",0,0,0,0,0,0
Дима Билан,"521,080",0,0,0,0,0,0
Ed Sheeran & Travis Scott,"520,711",0,0,0,0,0,0
Chris Jeday,"520,536",0,0,0,0,0,0
Luciano & Aitch,"517,462",80,0,0,0,0,0
Tarkan,"516,880",52,0,0,0,0,0
NOTD,"516,597",0,0,0,0,0,0
Мари Краймбрери,"516,334",0,0,0,0,0,0
Becky G & Bad Bunny,"515,413",0,0,0,0,0,0
Fabio Asher,"515,371",336,0,0,0,0,0
The 1975,"515,362",329,0,0,0,0,0
Jason Derulo & David Guetta,"515,336",0,0,0,0,0,0
Jain,"514,767",0,0,0,0,0,0
Pil C,"514,734",39,0,0,0,0,0
太妍,"514,132",0,0,0,0,0,0
The Chainsmokers & Illenium,"513,626",0,0,0,0,0,0
"Jax Jones, Martin Solveig & Madison Beer","513,566",0,0,0,0,0,0
"NEIKED, Mae Muller & Polo G","513,563",0,0,0,0,0,0
Years & Years,"513,148",0,0,0,0,0,0
"Los Legendarios, Wisin & Jhay Cortez","513,078",0,0,0,0,0,0
Soolking & Gazo,"513,037",212,0,0,0,0,0
"Future, Metro Boomin & Kendrick Lamar","512,975","5,179",0,0,0,0,0
Shakira & Rauw Alejandro,"512,845",0,0,0,0,0,0
Eve,"512,835",0,0,0,0,0,0
TAEYEON,"512,568",411,0,0,0,0,0
Darlene Love,"512,359",0,0,0,0,0,0
ROSALÍA & Ozuna,"512,281",0,0,0,0,0,0
Bad Bunny & Tony Dize,"512,062",0,0,0,0,0,0
Kungs,"511,973",0,0,0,0,0,0
Jeff Satur,"511,901","1,411",0,0,0,0,0
Meduza & James Carter,"511,661",0,0,0,0,0,0
The Script,"511,656",460,0,0,0,0,0
"Kane Brown, Swae Lee, Khalid","511,465",0,0,0,0,0,0
星野源,"511,341",0,0,0,0,0,0
BRANYA & MACAN,"511,219",59,0,0,0,0,0
Camilo & Pedro Capó,"510,623",0,0,0,0,0,0
Rhove,"510,140",0,0,0,0,0,0
sanah,"509,952",150,0,0,0,0,0
Os Barões da Pisadinha,"508,704",0,0,0,0,0,0
Madrigal,"508,251",91,0,0,0,0,0
Joel Corry & Jax Jones,"508,061",0,0,0,0,0,0
FLEMMING,"508,009",22,0,0,0,0,0
MOMOLAND,"507,875",0,0,0,0,0,0
Fujii Kaze,"506,210","1,771",0,0,0,0,0
Tion Wayne X Russ Millions,"505,091",0,0,0,0,0,0
韋禮安,"504,872",0,0,0,0,0,0
盧瀚霆,"504,299",267,0,0,0,0,0
Ian,"503,230",85,0,0,0,0,0
Cocktail,"503,069",385,0,0,0,0,0
Nipsey Hussle,"501,814",0,0,0,0,0,0
頑童MJ116,"500,637",0,0,0,0,0,0
