"","",Video,#,Highlights
1,=,"$10,000 Every Day You Survive In The Wilderness",61,"#17 Argentina, #27 Mexico, #16 South Korea"
2,NEW,I Built 7 EXTREME Rooms in My House!,23,"#2 Brazil, #1 Mexico, #1 United States"
3,NEW,Alien: Romulus | Official Trailer,22,"#2 United States, #6 Brazil, #6 Mexico"
4,-1,Sprinting with More and More Money,46,"#1 Vietnam, #18 Turkey, #17 Philippines"
5,-3,Eminem - Houdini [Official Music Video],68,"#33 Argentina, #9 Romania, #17 Poland"
6,-2,The GIRL's skills are AMAZINGğŸ”ªğŸ‹#camping #survival #bushcraft #outdoors #lifehack,51,"#2 Philippines, #2 Vietnam, #1 Malaysia"
7,+4,100â¤ï¸,44,"#3 Philippines, #3 Vietnam, #30 Turkey"
8,NEW,Inside Out 2 | Final Trailer,19,"#8 Brazil, #7 United States, #9 Mexico"
9,+4,Final increÃ­ble ğŸ˜±,27,"#4 Thailand, #11 Turkey, #10 Philippines"
10,-4,100ğŸ˜­ğŸ‰ #thankyou,40,"#4 Vietnam, #14 Philippines, #6 Malaysia"
11,-4,VENOM: THE LAST DANCE â€“ Official Trailer (HD),27,"#3 United States, #15 India, #13 Indonesia"
12,NEW,Mariscos de estrella Michelin en MazatlÃ¡n | La Capital,16,"#2 Mexico, #4 Argentina, #3 Colombia"
13,-5,MBAPPE CONFIRMADO AL REAL MADRID: ES EL MEJOR DEL MUNDO? COMO FORMARIA EL REAL MADRID? DEBATE (2024),17,"#6 Argentina, #14 Mexico, #5 Colombia"
14,NEW,MRBEAST ME INVITO A GRABAR UN VIDEO!,16,"#3 Mexico, #3 Argentina, #4 Colombia"
15,-6,27 COSAS DE MI HIJA | LOS POLINESIOS,16,"#4 Mexico, #5 Argentina, #6 Colombia"
16,-11,skibidi toilet 74,21,"#24 Argentina, #36 Mexico, #31 Indonesia"
17,NEW,Visitando la tierra mÃ¡s sobre-poblada del mundo | Â¡No cabe ni uno mÃ¡s! âš ï¸ğŸï¸,16,"#10 Mexico, #9 Argentina, #2 Colombia"
18,+2,10ğŸ‹ subscribers in ONE YEARğŸ˜± #YouTube #camping #survival #bushcraft #outdoors #lifehack,27,"#4 Philippines, #4 Malaysia, #10 Romania"
19,-7,Venom: El Ãšltimo Baile | TrÃ¡iler Oficial,14,"#7 Mexico, #12 Argentina, #9 Colombia"
20,-5,Would you like a delicious big mooncake? #shorts#Mooncake #China #Chinesefood,31,"#13 Philippines, #16 Vietnam, #13 Romania"
21,-7,Venom 3 Â¿De queÌ va a tratar? I Nuevo trailer - The Top Comics,15,"#17 Mexico, #19 Argentina, #14 Colombia"
22,-1,ĞŸĞĞĞ¡Ğ¢Ğ•Ğ Ğ•Ğ“Ğ˜Ğ¡Ğ¬ğŸ™ŠğŸ™ŠğŸ™Š,14,"#14 Thailand, #24 Turkey, #16 Philippines"
23,NEW,Bridgerton: Temporada 3 | TrÃ¡iler oficial de la parte 2 | Netflix,10,"#13 Argentina, #19 Mexico, #11 Colombia"
24,-7,El mejor NPC gana $$$,14,"#15 Argentina, #29 Mexico, #16 Colombia"
25,-9,Probando los REFRESCOS mas RAROS (y asquerosos) DEL MUNDO!?,16,"#21 Argentina, #28 Mexico, #18 Colombia"
26,-8,"3 datos reveladores de Claudia Sheinbaum, la primera mujer que gana la presidencia de MÃ©xico",13,"#23 Mexico, #23 Argentina, #15 Colombia"
27,+1,Whoâ€™s more flexible:ğŸ’– or ğŸ’š? @milanaroller,16,"#8 Thailand, #18 Philippines, #21 Vietnam"
28,-4,MARTULI,9,"#2 Argentina, #31 Mexico, #17 Colombia"
29,-6,"REACCIONANDO al MADRID 2-0 BORUSSIA DORTMUND con Gerard PiquÃ©, Grefg y Adri Contreras",16,"#31 Argentina, #37 Mexico, #19 Colombia"
30,-4,The delivery rescued them,21,"#20 Philippines, #32 Turkey, #26 Italy"
31,+83,The most wholesome gender reveal EVER #family #cute #dad #love #viral,31,"#20 Italy, #33 Philippines, #20 Poland"
32,NEW,#JasonDeruloTV // Street Art #GotPermissionToPost From @greg_goya #SlowLow,7,"#5 Thailand, #20 Turkey, #12 Russia"
33,+6,"You can now keep your hands clean, and your toilet cleaner...ğŸš½ #toilet #cooltech #future",27,"#18 Poland, #46 Turkey, #24 Romania"
34,-12,I Built a Shelter House For myself and Ğ¡atğŸ±ğŸ“¦ğŸ ,11,"#29 Turkey, #23 Philippines, #9 Malaysia"
35,-25,BABYMONSTER - 'LIKE THAT' EXCLUSIVE PERFORMANCE VIDEO,25,"#21 Malaysia, #49 Philippines, #45 Colombia"
36,+35,They RUINED Everything! ğŸ˜¢,17,"#7 Philippines, #20 Thailand, #15 Romania"
37,-18,Welcome to the Wild West! YEEHAW!,21,"#36 Argentina, #35 Colombia, #34 Chile"
38,+3,"He tried to save his parking spot, instant karma",35,"#13 Ukraine, #34 Poland, #28 Kazakhstan"
39,-1,ğŸŸBest French Fries Homemade #cooking #shorts,23,"#39 Vietnam, #25 Romania, #28 Malaysia"
40,NEW,#JasonDeruloTV // Amazing ğŸ¤© #GotPermissionToPost From @dilya.abdusalimova #SlowLow,4,"#7 Turkey, #2 Russia, #1 Italy"
41,+1,Now Heâ€™ll Never LeaveğŸ˜­,41,"#24 Malaysia, #43 Romania, #14 South Africa"
42,-13,Los 50 Juegos FAVORITOS de FEDELOBO I Parte 2,9,"#34 Mexico, #34 Argentina, #26 Colombia"
43,-11,LES PRESENTO A MI NOVIA !! - Fernanfloo,16,"#37 Argentina, #49 Mexico, #36 Colombia"
44,+22,ãƒ•ã‚©ãƒ¼ãƒ¡ãƒ¼ã‚·ãƒ§ãƒ³ä»˜ãã§ I WANNA BE YOUR SLAVE è¸Šã£ã¦ã¿ãŸâ™ª #shorts,15,"#19 Russia, #11 Italy, #38 Turkey"
45,-14,â€DILLOM - CirugÃ­a (Videoclip),9,"#16 Argentina, #35 Mexico, #30 Colombia"
46,+49,Tom and jerry #vivekveena #youtubeshorts,12,"#36 Turkey, #19 Malaysia, #39 Philippines"
47,-13,DILLOM - Buenos tiempos (Videoclip)â€,9,"#18 Argentina, #39 Mexico, #29 Colombia"
48,-18,1ğŸ¥ºğŸ‰ #thankyou,28,"#22 Vietnam, #26 Romania, #47 Philippines"
49,-22,Paulo Londra - Posdata: (Official Video),15,"#29 Argentina, #34 Colombia, #23 Peru"
50,+1,Now You Can Cook Like Albert! Get a Copy of My CookBook ğŸ”¥#shorts #food #pizza,10,"#34 Turkey, #21 Italy, #41 Philippines"
51,-6,Claudia Sheinbaum celebra en el ZÃ³calo tras ganar elecciÃ³n presidencial | Destino 2024,8,"#8 Mexico, #21 Colombia, #19 Peru"
52,-17,ATEEZ(ì—ì´í‹°ì¦ˆ) - 'WORK' Official MV,19,"#38 Argentina, #39 Colombia, #29 Chile"
53,-5,Send this to an artist! ğŸ˜ #shortsart,28,"#36 Thailand, #21 Romania, #46 Poland"
54,+44,When someone reclines their seat âœˆï¸,21,"#38 Thailand, #36 Russia, #17 Romania"
55,NEW,Ø§ØªØ­Ø¯ÙŠØª Ø²ÙˆØ¬ØªÙŠ ØªÙ„Ø§Ù‚ÙŠ Ø§Ù…Ù‡Ø§ !!,12,"#3 Algeria, #2 Egypt, #9 Morocco"
56,NEW,YSY A - BLOQUE FINAL ESTADIO DE HURACÃN (EN VIVO),6,"#11 Argentina, #33 Mexico, #28 Colombia"
57,-11,Â¿AÃšN ME GUSTA CAROL CASTRO? ğŸ˜±Respondiendo PREGUNTAS INCÃ“MODAS,13,"#46 Mexico, #47 Argentina, #43 Colombia"
58,-9,HAY UN HOSPITAL ABAJO DE MI CASA,16,"#50 Mexico, #46 Argentina, #49 Colombia"
59,-3,Ø³ÙˆÙŠØª ÙØ±ÙŠÙ‚ ÙƒØ±Ø© Ù‚Ø¯Ù… Ù…Ù† 11 Ù…Ø¹Ø¶Ù„ ğŸ’ª,12,"#10 Algeria, #7 Egypt, #15 Morocco"
60,NEW,No esperaba ese final,10,"#5 Philippines, #21 Thailand, #17 Malaysia"
61,-25,I Need Your Help..,32,"#16 Malaysia, #18 Kazakhstan, #37 Pakistan"
62,+49,"Homeless Woman and Child Help a Stranger, What Happens Next Will Amaze You! ğŸŒŸğŸ’– #kindness #shorts",16,"#9 Philippines, #14 Romania, #28 Italy"
63,-10,"Luck Ra, Maluma, Khea - HOLA PERDIDA REMIX",11,"#22 Argentina, #38 Colombia, #27 Chile"
64,-21,MI NUEVA CASA con Will Smith,15,"#40 Argentina, #41 Colombia, #33 Chile"
65,NEW,Â¿SUAVECITO Y YO TERMINAMOS?ğŸ˜±| Es momento de contarles la verdad,7,"#12 Mexico, #20 Colombia, #22 Peru"
66,+4,Carbonara under PRESSURE @Lionfield,20,"#7 Malaysia, #32 Philippines, #40 Poland"
67,NEW,Ø±ÙˆØªÙŠÙ† Ø­ÙŠØ§ØªÙ†Ø§ ÙÙŠ Ø¨ÙŠØª ÙˆØ§Ø­Ø¯ ğŸ  (6 Ø§Ø´Ø®Ø§Øµ),11,"#12 Algeria, #10 Egypt, #21 Morocco"
68,-31,BRUTAL KO | Zhilei Zhang vs. Deontay Wilder Highlights (Queensberry vs. Matchroom - Riyadh Season),16,"#32 Indonesia, #45 United States, #39 France"
69,-11,Ù…Ù„Ø®Øµ Ù†Ù‡Ø§Ø¦ÙŠ Ø¯ÙˆØ±ÙŠ Ø£Ø¨Ø·Ø§Ù„ Ø£ÙˆØ±ÙˆØ¨Ø§ Ù„Ù…ÙˆØ³Ù… 2023-2024 | Ø¨ÙˆØ±ÙˆØ³ÙŠØ§ Ø¯ÙˆØ±ØªÙ…ÙˆÙ†Ø¯ ÙˆØ±ÙŠØ§Ù„ Ù…Ø¯Ø±ÙŠØ¯,12,"#14 Algeria, #11 Egypt, #20 Morocco"
70,-20,VISITANDO UN SUPERMERCADO EN MÃ‰XICO,15,"#38 Mexico, #50 Argentina, #45 Chile"
71,-27,Carin LeÃ³n - DespÃ­dase bien [Official Video],11,"#43 Argentina, #33 Colombia, #32 Chile"
72,-9,Ø¬Ø±Ø¨Øª Ø£ØºØ±Ø¨ 18 Ø·Ø±ÙŠÙ‚Ø© Ù„ØªØ®ØªÙŠÙ… Ù…Ø§ÙŠÙ† ÙƒØ±Ø§ÙØª !,9,"#15 Algeria, #8 Egypt, #18 Morocco"
73,-21,"Kenia OS, Yeri Mua, Ghetto Kids - Mamita Rica (Video Oficial)",13,"#41 Mexico, #40 Colombia, #32 Peru"
74,-49,Kep1er ì¼€í”ŒëŸ¬ | â€˜Shooting Starâ€™ M/V,4,"#8 Japan, #25 Indonesia, #44 Brazil"
75,-35,Bridgerton Season 3 | Part 2 Official Trailer | Netflix,9,"#16 United States, #27 France, #22 Germany"
76,-22,INVITO A KARELY RUIZ AL MUNDIAL - TheGrefg,15,"#48 Mexico, #47 Colombia, #46 Chile"
77,-44,BADVILLAIN - 'BADVILLAIN' MV,4,"#14 Indonesia, #38 Brazil, #29 South Korea"
78,-11,Ø¬Ø±Ø¨Øª Ù§ Ø§Ù”ÙƒÙ„Ø§Øª Ø¹Ù…Ø±ÙŠ Ù…Ø§ Ø£ÙƒÙ„ØªÙ‡Ù… ÙÙŠ Ø­ÙŠØ§ØªÙŠ !,10,"#4 Egypt, #25 Algeria, #25 Morocco"
79,-11,Nia Jax attacks Jade Cargill in front of her daughter ğŸ˜¨,29,"#32 Romania, #16 Israel, #15 Serbia"
80,-33,They succeed because they are united!,19,"#25 Philippines, #11 Malaysia, #23 South Africa"
81,NEW,Si Ya No Sabes CÃ³mo Cocinar La Carne Molida Haz EstÃ¡ Deliciosa Receta,3,"#13 Mexico, #20 Argentina, #27 Colombia"
82,-8,ÙŠÙˆÙ… Ø§Ù„ÙˆÙ„Ø§Ø¯Ø© Ø§Ù„Ù…ÙØ§Ø¬Ø¦ ğŸ¤°( Ø§Ù„Ø­Ù…Ø¯ Ù„Ù„Ù‡ Ø¹Ù„ÙŠ Ù…Ø§Ø±Ø²Ù‚ØªÙ†Ø§ ğŸ¤²),12,"#3 Egypt, #32 Algeria, #17 Saudi Arabia"
83,+111,I NEED 1 MORE SUB!,15,"#30 Philippines, #13 Malaysia, #30 Pakistan"
84,NEW,"Ù…Ø³Ù„Ø³Ù„ Ø´Ø¨Ø§Ø¨ Ø§Ù„Ø¨ÙˆÙ…Ø¨ 12 - Ø§Ù„Ø­Ù„Ù‚Ø© Ø§Ù„Ø³Ø§Ø¯Ø³Ø© ÙˆØ§Ù„Ø¹Ø´Ø±ÙˆÙ† "" AIR DND "" 4K",12,"#17 Egypt, #5 Saudi Arabia, #39 Algeria"
85,+17,#JasonDeruloTV // Cake ğŸ’¯#GotPermissionToPost From @namelesscake_art #SpicyMargarita,7,"#33 Turkey, #31 Italy, #32 Spain"
86,-13,Victoria en el ZÃ³calo de la Ciudad de MÃ©xico,4,"#15 Mexico, #25 Colombia, #25 Peru"
87,+2,WHY IS A CAR MORE EXPENSIVE THAN A GIRL?,11,"#40 Philippines, #12 Kazakhstan, #37 Romania"
88,NEW,Halsey - The End (Official Lyric Video),4,"#19 United States, #27 Brazil, #38 United Kingdom"
89,-30,"Rei, Duki - UN MONTÃ“N (Video Oficial)",10,"#27 Argentina, #38 Chile, #35 Peru"
90,-13,The Worlds Most Powerfull Batteries !,27,"#29 Kazakhstan, #26 Ukraine, #42 Israel"
91,-36,BROMA a JUANITO ğŸ˜± DESTRUÃ su CARRO FAVORITO por esta razÃ³n,14,"#49 Argentina, #28 Dominican Republic, #47 Chile"
92,-11,Real Madrid lift their 15th European trophy! | UCL Today | CBS Sports Golazo,17,"#28 Egypt, #45 Algeria, #34 Morocco"
93,-10,Ø§Ù„Ø®Ø§Ù…Ø³Ø© Ø¹Ø´Ø±,11,"#21 Egypt, #38 Algeria, #33 Morocco"
94,-22,ğŸ†SORTEO OCTAVOS DE FINAL âš½ CONMEBOL LIBERTADORES,7,"#28 Argentina, #26 Peru, #44 Colombia"
95,NEW,Inside Air Force One During 9/11,4,"#4 United States, #9 United Kingdom, #3 Canada"
96,NEW,A Weekend I'll Remember Forever - Monaco 2024,5,"#8 France, #34 United States, #16 United Kingdom"
97,NEW,Estuvimos en la final de la Champions!,4,"#16 Mexico, #23 Colombia, #20 Ecuador"
98,-10,Ø±ÙƒÙ„Ø§Øª Ø§Ù„ØªØ±Ø¬ÙŠØ­ Ø§Ù„Ù‡Ù„Ø§Ù„ - Ø§Ù„Ù†ØµØ± ÙƒØ§Ù…Ù„Ø© ÙÙŠ Ù†Ù‡Ø§Ø¦ÙŠ Ø£ØºÙ„Ù‰ Ø§Ù„ÙƒØ¤ÙˆØ³,10,"#19 Egypt, #22 Morocco, #41 Algeria"
99,-42,Black Magic ğŸª„ by Petkit Pura Max #cat #cats,20,"#18 Malaysia, #44 Romania, #44 Kazakhstan"
100,-40,INCOMODANDO A CECIA LOAIZA Â¿Por quÃ© ocultÃ³ a su novio?// Steff Loaiza,7,"#44 Mexico, #42 Colombia, #41 Peru"
101,NEW,Madame Web - The Worst Superhero Movies Ever Made,4,"#5 United States, #12 United Kingdom, #7 Canada"
102,NEW,So I've played 3 hours of Elden Ring's DLC...,4,"#6 United States, #11 United Kingdom, #6 Canada"
103,+2,Ø¨ÙˆØ¯ÙƒØ§Ø³Øª Ø§Ù„Ù…ØªØ²ÙˆØ¬ÙˆÙ† Ø§Ù„Ø­Ù„Ù‚Ø© Ø§Ù„Ø­Ø§Ø¯ÙŠØ© Ø¹Ø´Ø± l Ù…Ø§ÙƒÙ†Ø´ Ù‡ÙŠØªØ¬ÙˆØ²Ù†ÙŠ Ùˆ Ø®Ù„ÙŠØªÙ‡ ÙŠØ­Ø¨Ù†ÙŠ - Ø­Ø³Ø§Ù… Ø§Ù†ØªÙŠÙƒØ§ Ùˆ ÙŠØ§Ø±Ø§ Ø¨Ù‡Ù†Ø³Ø§ÙˆÙŠ,8,"#1 Egypt, #29 Morocco, #14 Saudi Arabia"
104,-26,Miracle Doctor Saves Blind Girl â¤ï¸,16,"#29 Malaysia, #48 Philippines, #19 South Africa"
105,-36,Oscar Maydon x Junior H - Volver Al Futuro [Official Video],3,"#11 Mexico, #24 Colombia, #11 Guatemala"
106,-12,"Ø§Ù„ÙØ§Ø¦Ø² ÙŠØ±Ø¨Ø­ 1,000,000 Ø±ÙŠØ§Ù„ Ø³Ø¹ÙˆØ¯ÙŠ | Ø§ÙƒØ«Ø± Ø«Ù„Ø§Ø« Ø§ÙŠØ§Ù… ØªÙˆØªØ± ÙÙŠ Ø­ÙŠØ§ØªÙŠ",8,"#18 Egypt, #4 Saudi Arabia, #36 Algeria"
107,NEW,Ğ”Ğ° Ñ‡Ñ‚Ğ¾ ÑÑ‚Ğ¾ Ğ·Ğ° Ñ…Ğ¾Ğ¼ÑĞº? Ğ¡Ñ‹Ğ½ Ğ¾Ğ±ÑŠÑÑĞ½ÑĞµÑ‚ Hamster Kombat. Ğ’ Ñ‡ĞµĞ¼ Ğ¿Ñ€Ğ¸ĞºĞ¾Ğ» Play-to-Earnâ€¦,7,"#3 Russia, #6 Ukraine, #35 Kazakhstan"
108,NEW,I brought the boy to his homeland,5,"#11 United States, #14 United Kingdom, #9 Canada"
109,-24,ğŸ˜­,13,"#37 Philippines, #30 Malaysia, #41 Romania"
110,-17,Taking Edna to DisneylandğŸ˜‚ @khiankb,18,"#43 Philippines, #26 Malaysia, #3 South Africa"
111,-46,Resumen y gol | MÃ©xico vs Bolivia | Amistoso Internacional | TUDN,7,"#45 Argentina, #24 Peru, #39 Chile"
112,NEW,LeBron James Opens Up About Kyrie Irving Making It Back to the NBA Finals,4,"#8 United States, #10 Canada, #29 United Kingdom"
113,NEW,Ù„ÙŠØ´ Ø´Ø­Ù†Øª 700 Ø¯ÙˆÙ„Ø§Ø±ØŸ ğŸ¤”,8,"#14 Egypt, #43 Algeria, #47 Morocco"
114,NEW,I went on vacation and gave my editor the worst video,4,"#10 United States, #22 United Kingdom, #12 Canada"
115,-54,VUELVO A MEXICO CON IAN LUCAS FEDE VIGEVANI TEO DM Y EL PARCERITO,10,"#41 Argentina, #44 Chile, #49 Peru"
116,-40,"Las noticias de la maÃ±ana, lunes 3 de junio de 2024 | Noticias Telemundo",6,"#24 Mexico, #22 Dominican Republic, #39 Ecuador"
117,-17,Cute Barbie Gadget ğŸ¥° #gadgets,7,"#45 Philippines, #32 Malaysia, #23 Kazakhstan"
118,NEW,The Logistics of German Reunification,4,"#13 United States, #19 United Kingdom, #11 Canada"
119,NEW,I played Elden Ring's DLC for 3 hours... my thoughts,4,"#12 United States, #21 United Kingdom, #14 Canada"
120,NEW,5-Year-Old Chrisyius Whitehead Is A Drumming SAVANT! | Auditions | AGT 2024,5,"#9 United States, #4 Canada, #46 United Kingdom"
121,-9,Ù„Ø¹Ø¨Ø© Ø±Ø§ÙŠØ¯ÙŠØ´Ù† 3 ğŸ˜‚ ( Ø§Ù„Ù…Ø´ÙÙˆØ­ ğŸ˜­),7,"#20 Egypt, #33 Algeria, #3 Saudi Arabia"
122,-31,Ø¨Ø« Ù…Ø¨Ø§Ø´Ø± Ù„Ù†Ù‡Ø§Ø¦ÙŠ ÙƒØ£Ø³ Ø§Ù„Ù…Ù„Ùƒ Ø§Ù„Ù‡Ù„Ø§Ù„ ÙˆØ§Ù„Ù†ØµØ± | Ù†Ù‡Ø§Ø¦ÙŠ Ø£ØºÙ„Ù‰ Ø§Ù„ÙƒØ¤ÙˆØ³,11,"#22 Egypt, #16 Saudi Arabia, #41 Morocco"
123,-33,"Kenia OS, El Malilla - Un Bezito (Video Oficial)",10,"#42 Mexico, #42 Dominican Republic, #36 Ecuador"
124,-38,Surprising Ray At His Graduation!,6,"#23 United States, #34 Germany, #42 United Kingdom"
125,NEW,SOLTERO - ELAGGUME x ECKO ft OMAR VARELA,3,"#30 Mexico, #25 Argentina, #26 Uruguay"
126,NEW,White Night (Extended Version) - Honkai English VAs Cover || Honkai: Star Rail,4,"#14 United States, #26 United Kingdom, #15 Canada"
127,-31,Ù…Ù„Ø®Øµ Ù…Ø¨Ø§Ø±Ø§Ø© Ø§Ù„Ù‡Ù„Ø§Ù„ x Ø§Ù„Ù†ØµØ± - Ù†Ù‡Ø§Ø¦ÙŠ ÙƒØ£Ø³ Ø®Ø§Ø¯Ù… Ø§Ù„Ø­Ø±Ù…ÙŠÙ† Ø§Ù„Ø´Ø±ÙŠÙÙŠÙ† 2024,11,"#23 Egypt, #28 Morocco, #21 Saudi Arabia"
128,-66,FEDE ME ROBO EL CANAL POR 24 HORAS,11,"#48 Argentina, #49 Chile, #50 Peru"
129,NEW,Man vs Wind Turbine ğŸ¤¯,12,"#15 Italy, #10 Spain, #8 Netherlands"
130,NEW,Recreating the Last Meal of OÌˆtzi the Iceman,4,"#15 United States, #33 United Kingdom, #18 Canada"
131,-56,"State of Play | May 30, 2024",18,"#36 Dominican Republic, #49 Egypt, #38 Tunisia"
132,NEW,#ÙÙ„Ù…_Ù…Ø§ÙŠÙ†_ÙƒØ±Ø§ÙØª : Ø§Ù„ØªÙ†ÙŠÙ† Ø§Ù„Ø«Ù„Ø¬ÙŠ Ø¶Ø¯ Ø§Ù„Ø¨ÙŠØª Ø§Ù„Ù…Ø­Ù…ÙŠ !,7,"#34 Algeria, #35 Morocco, #27 Saudi Arabia"
133,NEW,3.3M OlduÄŸumda sÄ±ra Feridede ABONE OLUN ğŸ¤« Abone Challenge Ahmet Can DÃ¼ndar,3,"#1 Turkey, #11 Azerbaijan, #34 Cyprus"
134,NEW,The Most Confusing Part of the Power Grid,4,"#17 United States, #16 Canada, #36 United Kingdom"
135,-6,Jose Mourinho!,3,"#2 Turkey, #8 Azerbaijan, #41 Cyprus"
136,-35,Ø³ÙˆÙŠØª ÙƒØ¨Ø³Ù‡ Ù„ÙŠØ§Ø³Ø± Ø§Ù„Ù‚Ø­Ø·Ø§Ù†ÙŠ ÙÙŠ Ø§Ù„Ù…ÙƒØ³ÙŠÙƒğŸ‘¨ğŸ½â€ğŸ³ğŸ‡²ğŸ‡½ğŸ”¥,11,"#27 Egypt, #34 Saudi Arabia, #50 Morocco"
137,-33,ØªØ­Ø¯ÙŠ Ø§Ù„Ø¨Ø­Ø« ÙˆØ§Ù„Ø¥Ø®ØªØ¨Ø§Ø¡ ÙÙŠ Ù…Ø§ÙŠÙ† ÙƒØ±Ø§ÙØª Minecraft !,10,"#32 Egypt, #50 Algeria, #22 Saudi Arabia"
138,-19,#ÙÙ„Ù…_Ù…Ø§ÙŠÙ†_ÙƒØ±Ø§ÙØª : Ù‚ØµØ± Ø§Ù„ÙˆØ±Ø¯ÙŠ Ø¶Ø¯ Ù‚ØµØ± Ø§Ù„Ø§Ø²Ø±Ù‚ !,7,"#25 Egypt, #46 Algeria, #29 Saudi Arabia"
139,-42,Try it ğŸ˜ @karina-kola,11,"#34 Malaysia, #9 South Africa, #29 Nepal"
140,-58,BETA SQUAD vs AMP FOOTBALL MATCH [OFFICIAL STREAM],5,"#36 United States, #13 United Kingdom, #33 Germany"
141,-15,KÄ±zÄ±lcÄ±k Åerbeti Sezon Finali 2. Fragman | â€œBiri dÃ¼ÅŸtÃ¼!â€,3,"#3 Turkey, #17 Azerbaijan, #6 Cyprus"
142,-15,New Gadgets! Bycycle 4.0 ğŸš² #shorts,4,"#22 Philippines, #33 Malaysia, #19 Kazakhstan"
143,NEW,ARK The Center Ascended + Pyromane Trailer,3,"#20 United States, #17 United Kingdom, #28 Canada"
144,-35,Ø¬Ø±Ø¨Ù†Ø§ Ù…Ø·Ø¹Ù… Ø¨ $10 Ø¶Ø¯ $1000,7,"#30 Egypt, #42 Algeria, #11 Saudi Arabia"
145,NEW,"SIDEMEN $1,000,000 REALITY SHOW: INSIDE EP. 3",5,"#41 United States, #1 United Kingdom, #26 Canada"
146,-30,BRAWL STARS x DRAGONFORCE: A Draco Tale,10,"#41 Chile, #42 Peru, #37 Dominican Republic"
147,+148,Bringing a new meaning to hill sprints ğŸ˜®â€ğŸ’¨ #hardenduro,14,"#46 Italy, #35 Spain, #17 South Africa"
148,-10,Yalan 2. BÃ¶lÃ¼m I Full BÃ¶lÃ¼m,5,"#16 Turkey, #4 Azerbaijan, #29 Bulgaria"
149,-42,ğŸ”´ Ø¨Ø« Ù…Ø¨Ø§Ø´Ø± | Ø§Ù„Ø±Ø¬Ø§Ø¡ Ø§Ù„Ø±ÙŠØ§Ø¶ÙŠ - Ø§Ù„ÙˆØ¯Ø§Ø¯ Ø§Ù„Ø±ÙŠØ§Ø¶ÙŠ,7,"#12 Morocco, #29 Egypt, #15 Tunisia"
150,-44,TRASH or PASS! Eminem ( Houdini ) [REACTION!!!],4,"#26 United States, #28 United Kingdom, #22 Canada"
151,NEW,Bahar 15. BÃ¶lÃ¼m,3,"#6 Turkey, #25 Azerbaijan, #20 Cyprus"
152,NEW,"CLORINDE GUIDE: How to Play, Best Artifact & Weapon Builds, Team Comps | Genshin Impact 4.7",3,"#24 United States, #24 United Kingdom, #19 Canada"
153,-12,When he wears skinny jeans ğŸ‘–,12,"#39 Romania, #34 Hungary, #50 Israel"
154,-55,Ø³ÙˆÙŠØª Ø±Ø§Ø¨Ø·Ø© Ù„ÙØ±ÙŠÙ‚ Ø´ÙˆÙ†Ù‚ !!ğŸ«¡ğŸ‡¸ğŸ‡¦,10,"#13 Saudi Arabia, #38 Egypt, #23 Tunisia"
155,NEW,Aye Alfonso pasÃ³ a la final de Factor X,3,"#10 Argentina, #12 Uruguay, #2 Paraguay"
156,-22,ğŸ”´ Ø¨Ø« Ù…Ø¨Ø§Ø´Ø± | Ø§Ù„Ù…ØºØ±Ø¨ Ø§Ù„ØªØ·ÙˆØ§Ù†ÙŠ - Ø§Ù„Ø¬ÙŠØ´ Ø§Ù„Ù…Ù„ÙƒÙŠ,7,"#13 Morocco, #35 Egypt, #19 Tunisia"
157,-49,Ø®ÙˆÙŠØª Ø§Ù„Ù‚Ù‡ÙˆÙ‰ ÙƒÙ†Ø¨ÙŠØ¹ ÙƒÙ„Ø´ÙŠ ğŸ˜” Ø§Ù„Ø­Ù‚ÙŠÙ‚Ø© ÙƒØ§Ù…Ù„Ø© Ø¹Ù„Ø§Ø´ Ø³Ø¯ÙŠÙ†Ù‡Ø§ ğŸ˜­,4,"#6 Morocco, #23 Algeria, #36 Saudi Arabia"
158,-45,Deep Rock Galactic: Season 05 - Narrated Trailer,4,"#28 United States, #37 United Kingdom, #23 Canada"
159,NEW,Dad builds fire truck for daughters birthdayğŸš’ğŸ˜ğŸ˜±,3,"#17 Spain, #32 Poland, #41 Italy"
160,-57,Ø§Ø·ÙˆÙ„ Ø±Ø­Ù„Ø© ÙÙŠ Ø­ÙŠØ§ØªÙŠ âœˆï¸!! ( 30 Ø³Ø§Ø¹Ù‡ ÙÙŠ Ø§Ù„Ø·ÙŠØ§Ø±Ø© !),9,"#10 Saudi Arabia, #36 Egypt, #25 Tunisia"
161,-82,Official Trailer - Shadow and Fury | The War Within | World of Warcraft,5,"#43 United States, #29 Germany, #44 United Kingdom"
162,-31,He Survived However He Could. But He Knew He Needed Only ONE Punch to Win #shorts,12,"#33 Poland, #33 Spain, #46 Serbia"
163,NEW,I Surprised ATEEZ With Custom Outfits!,3,"#27 United States, #34 United Kingdom, #27 Canada"
164,NEW,Bridgerton was Fun ... Until it Wasn't! Daphne go to JAIL !! (S1 Pt2 reaction),3,"#30 United States, #31 United Kingdom, #21 Canada"
165,-50,"CHEAP CAR BATTLE! Racing Our $3,000 Budget Cars!",3,"#25 United States, #25 Canada, #47 United Kingdom"
166,-17,Who says Goldman Statue is not getting kisses at work?ğŸ˜ #performer #livingstatue #streetart,12,"#47 Malaysia, #39 Pakistan, #31 Kenya"
167,NEW,#ÙÙ„Ù…_Ù…Ø§ÙŠÙ†_ÙƒØ±Ø§ÙØª : Ø§Ù„Ù…Ù‡Ø±Ø¬ Ø§Ù„Ø´Ø±ÙŠØ± Ø¶Ø¯ Ø§Ù„Ø¨Ù†Øª Ù‡Ø§Ù„Ùƒ !,6,"#40 Algeria, #45 Morocco, #35 Saudi Arabia"
168,-50,Ø£ØµØ¹Ø¨ ÙŠÙˆÙ… Ù„Ù„ÙØ±ÙŠÙ‚ ÙˆØ§Ù„ÙØ±ØµØ© Ø§Ù„Ø§Ø®ÙŠØ±Ø© ğŸ˜¨ğŸ’”! #7,10,"#33 Egypt, #28 Saudi Arabia, #26 Tunisia"
169,+43,Hot Ball ASMR #asmr #asmrsounds #satisfying #relaxing #satisfyingvideo,5,"#36 Philippines, #31 Kazakhstan, #49 Romania"
170,NEW,Make me the happiest man on earth... ğŸğŸ¥¹,4,"#1 Russia, #37 Belarus, #34 Latvia"
171,NEW,MULTIVERSUS 2.0 ... For Noobs,3,"#31 United States, #35 United Kingdom, #32 Canada"
172,NEW,ĞĞ¹Ñ„Ğ¾Ğ½ Ğ“Ñ€Ğ¾Ğ·Ğ½Ğ¾Ğ³Ğ¾ ğŸ˜‚#ComedyClub #ĞšĞ°Ğ¼ĞµĞ´Ğ¸ĞšĞ»Ğ°Ğ± #Ğ³Ğ°Ğ»Ñ‹Ğ³Ğ¸Ğ½ #Ğ“Ğ°Ñ€Ğ¸ĞºĞ¥Ğ°Ñ€Ğ»Ğ°Ğ¼Ğ¾Ğ² #Ñ‚Ğ½Ñ‚4 #Ñ‚Ğ½Ñ‚ #Ñ‚Ğ°Ğ¹Ğ½Ğ°ÑÑ„Ğ¸Ğ½ĞºÑĞ° #ĞºĞ¾Ğ½ĞµÑ†ÑĞ²ĞµÑ‚Ğ°,3,"#25 Russia, #17 Ukraine, #18 Belarus"
173,-53,Can Bryson DeChambeau Beat Me With Kidsâ€™ Clubs?,4,"#42 United States, #40 United Kingdom, #29 Canada"
174,-30,Can you beat this impossible game?,4,"#42 Vietnam, #36 Malaysia, #48 Kazakhstan"
175,-33,Bahar 14. BÃ¶lÃ¼m,3,"#28 Turkey, #2 Azerbaijan, #2 Cyprus"
176,-18,Ø§Ù„ÙƒÙˆØ±Ø© Ù…Ø¹ ÙØ§ÙŠÙ‚ | Ù„Ø§Ø¹Ø¨ Ø§Ù„Ø£Ù‡Ù„ÙŠ ØµØ§Ø­Ø¨ Ø§Ù„Ù‚Ø§Ø¶ÙŠØ© Ù…Ø­Ù…Ø¯ Ù…Ø¬Ø¯ÙŠ Ø£ÙØ´Ø©.. ÙÙŠ Ø¶ÙŠØ§ÙØ© Ø¥Ø¨Ø±Ø§Ù‡ÙŠÙ… ÙØ§ÙŠÙ‚,5,"#6 Egypt, #20 Saudi Arabia, #10 United Arab Emirates"
177,-31,JERE KLEIN - MUJER FINA FEAT LUCKY BROWN (VISUALIZER) | ARES KLEIN,3,"#39 Argentina, #28 Chile, #45 Uruguay"
178,-54,JERE KLEIN - YUMMY! FEAT LIL PUMP (VIDEO OFICIAL) | ARES KLEIN,3,"#42 Argentina, #26 Chile, #40 Uruguay"
179,-12,"On a passÃ© 48h en ENFER... (Avec Michou, Zafeel, Hctuan)",3,"#1 France, #1 Belgium, #10 Switzerland"
180,-43,Ø§Ø´ØªØ±ÙŠØª Ø³ÙŠØ§Ø±Ø© ØµÙŠÙ†ÙŠØ© Ø¨Ø³Ø¹Ø± Ø®ÙŠØ§Ù„ÙŠ Ù…Ø³ØªØ­ÙŠÙ„ ØªØµØ¯Ù‚Ù‡ !!,9,"#40 Egypt, #30 Saudi Arabia, #29 Tunisia"
181,-97,ME CONTACTO UNA ENFERMERA DE DMD,10,"#50 Chile, #48 Dominican Republic, #49 Bolivia"
182,-6,HOT ONES : Pierre Niney n'a peur de rien,3,"#2 France, #13 Belgium, #30 Switzerland"
183,NEW,A MASSIVE build for our 15th Anniversary (ft. Grian),3,"#48 United States, #27 United Kingdom, #38 Canada"
184,+16,"SIDEMEN $1,000,000 REALITY SHOW: INSIDE EP. 1",12,"#7 United Kingdom, #4 Australia, #36 Canada"
185,-14,"""Ø®Ù€Ø¯ Ø´Ù†Ø·ØªÙƒ ÙˆØ£Ù…Ù€Ø´Ù€ÙŠ"" .. Ø£Ù…ÙŠØ± Ù‡Ø´Ø§Ù… ÙŠÙƒØ´Ù Ø¹Ù† Ø±Ø¯ ÙØ¹Ù„ ÙƒÙˆÙ„Ù€Ø± Ø§Ù„Ù‚Ù€Ù€Ù€ğŸ‘ŠÙ€ÙˆÙŠ Ù…Ø¹ Ø£ÙØ´Ù€Ø© Ù‚Ø¨Ù„ Ø¨Ø¯Ø§ÙŠØ© Ø§Ù„ØªØ¯Ø±ÙŠØ¨Ø§Øª",4,"#5 Egypt, #26 Saudi Arabia, #26 United Arab Emirates"
186,-94,Buscando la plaga de hipopÃ³tamos de Escobar en Colombia | Â¿Es real? âš ï¸ğŸ¦›ğŸ‡¨ğŸ‡´,9,"#50 Colombia, #46 Dominican Republic, #41 Honduras"
187,-18,ã€æ–—ç½—å¤§é™†ã€‘å”èˆéºŸæ‰“çƒæŠŠè€å…­çš„ç‰™æ‰“æ‰äº†ï¼Ÿ#æ–—ç½—å¤§é™†#å”èˆéºŸ#å”è€å…­,3,"#19 Pakistan, #45 Vietnam, #16 El Salvador"
188,+28,Ğ–ĞµĞ»ĞµĞ·Ğ½Ğ°Ñ Ğ·Ğ°Ğ´Ğ½Ğ¸Ñ†Ğ° #Ğ¾Ñ€ĞµÑ…Ğ¾Ğ² #Ñ‚Ğ¸Ğ¿Ğ¸Ñ‡Ğ½Ñ‹Ğ¹ #Ğ¼Ğ¾Ñ‚Ğ¾Ñ†Ğ¸ĞºĞ»Ğ¸ÑÑ‚ #Ğ±Ğ°Ğ¹ĞºĞµÑ€,5,"#4 Ukraine, #30 Kazakhstan, #2 Belarus"
189,-6,Ğ¡Ñ‹Ğ½ Ğ¿Ñ€Ğ¾Ğ²Ğ¸Ğ½Ğ¸Ğ»ÑÑ ğŸ˜± #ComedyClub #ĞšĞ°Ğ¼ĞµĞ´Ğ¸ĞšĞ»Ğ°Ğ± #Ğ±Ğ°Ñ‚Ñ€ÑƒÑ‚Ğ´Ğ¸Ğ½Ğ¾Ğ² #Ñ…Ğ°Ñ€Ğ»Ğ°Ğ¼Ğ¾Ğ² #Ñ‚Ğ½Ñ‚4 #Ğ³Ğ°Ñ€Ğ¸ĞºÑ…Ğ°Ñ€Ğ»Ğ°Ğ¼Ğ¾Ğ² #Ñ‚Ğ½Ñ‚ #Ğ´ĞµĞ¿ÑƒÑ‚Ğ°Ñ‚,4,"#9 Ukraine, #22 Kazakhstan, #4 Belarus"
190,-65,Tems: Tiny Desk Concert,3,"#46 United States, #49 United Kingdom, #43 Canada"
191,-17,Ğ—Ğ°Ğ¼ĞµÑ‚Ğ¸Ğ»Ğ¸?,3,"#6 Kazakhstan, #31 Ukraine, #16 Belarus"
192,-41,How I Did The Mcdonalds Drink Trick ğŸ¤¯ğŸ¥¤#shorts,11,"#50 Poland, #30 Israel, #30 Portugal"
193,-20,Cool kid. #ello,3,"#39 Thailand, #47 Taiwan, #14 Hong Kong"
194,-29,Sigma Girl Education #sigma #viral #comedy,6,"#45 Malaysia, #42 Kazakhstan, #50 South Africa"
195,-10,Borussia Dortmund 0-2 Real Madrid | Champions League 23/24 Match Highlights,3,"#5 Malaysia, #16 Hong Kong, #4 Singapore"
196,-53,Ù„Ù† ØªØªÙˆÙ‚Ø¹ Ø£Ø¨Ø¯Ø§ Ø§Ù„Ù‚Ø§ØªÙ„!.. Ø®Ø¯Ø¹Ø© Ø°ÙƒÙŠØ© ÙƒØ´ÙØª Ù„ØºØ² Ø¬Ø±ÙŠÙ…Ø© Ù‚ØªÙ„ Ù…Ø¯ÙˆÙŠØ© ğŸ˜±ğŸ”¥ - Ù…Ø¹ Ù„ÙŠÙ…Ùˆ,7,"#34 Egypt, #30 Tunisia, #41 Jordan"
197,NEW,The key moments from Sunak and Starmer's fiery first head-to-head debate | ITV News,3,"#2 United Kingdom, #20 Canada, #18 Australia"
198,-19,#ÙƒÙˆØ§Ù„ÙŠØ³_Ø§Ù„Ù…Ø¯Ø±Ø¬ | Ù†Ù‡Ø§Ø¦ÙŠ ÙƒØ§Ø³ Ø§Ù„Ù…Ù„Ùƒ ğŸ˜¨| Ø§Ù„Ù‡Ù„Ø§Ù„ 5- 4 Ø§Ù„Ù†ØµØ± | Ø³ÙŠÙ†Ø§Ø±ÙŠÙˆ Ù…Ø¬Ù†ÙˆÙ† ğŸ”¥ğŸ”¥ğŸ”¥,3,"#6 Saudi Arabia, #23 Morocco, #22 United Arab Emirates"
199,-27,"CA7RIEL & Paco Amoroso, TINI - AGUA (Letra/Lyrics)",3,"#35 Argentina, #37 Uruguay, #42 Paraguay"
200,-38,better luck next time,14,"#25 South Africa, #17 Netherlands, #16 Belgium"
201,+27,Ruining Harry Potter Book For Making A Cringe Phone CaseğŸ˜¥ğŸ¤”WORTH IT? #harrypotter #phonecase #iphone,8,"#45 Taiwan, #44 Israel, #37 Hungary"
202,-12,Ø¶Ø±Ø¨Ø§Øª Ø¬Ø²Ø§Ø¡ Ù…Ø¨Ø§Ø±Ø§Ø© Ø§Ù„Ø§ØªØ­Ø§Ø¯ Ø§Ù„Ø³ÙƒÙ†Ø¯Ø±ÙŠ 3 - 4 Ø£Ø¨Ùˆ Ù‚ÙŠØ± Ù„Ù„Ø£Ø³Ù…Ø¯Ø©|Ø¯ÙˆØ± Ø§Ù„Ù€ 32 Ù…Ù† Ù…Ø³Ø§Ø¨Ù‚Ø© ÙƒØ£Ø³ Ù…ØµØ± Ù…ÙˆØ³Ù… 2023-2024,4,"#13 Egypt, #41 Saudi Arabia, #45 Libya"
203,-64,Ø¬Ø±Ø¨Øª Ø§ØºØ±Ø¨ Ø§Ù„Ø³Ù†Ø§ÙƒØ§Øª Ø§Ù„Ø³ÙˆØ±ÙŠÙ‡ğŸ‡¸ğŸ‡¾ğŸ˜!!,5,"#42 Egypt, #35 Tunisia, #26 Jordan"
204,NEW,ĞĞšĞšĞ£Ğ ĞĞ¢ĞĞ«Ğ™ Ğ¢Ğ˜ĞœğŸ˜‚ğŸ˜‚ Ğ Ğ¾Ğ»Ğ¸Ğº Ğ½Ğ° ĞºĞ°Ğ½Ğ°Ğ»Ğµ ĞĞ½Ñ Ğ˜Ñ‰ÑƒĞºğŸ¥¹ #Ğ°Ğ½ÑĞ¸Ñ‰ÑƒĞº #Ğ´Ğ¸Ğ¼Ğ°ÑĞ±Ğ»Ğ¾Ğ³ #anyaischuk,3,"#20 Kazakhstan, #24 Ukraine, #15 Belarus"
205,-35,Ø­ÙŠØ§Ø© Ø¹ÙŠÙ„ØªÙ†Ø§: ØªÙˆØ£Ù… Ø³Ù†Ø¯ Ø§Ù„Ø¶Ø§Ø¦Ø¹,6,"#48 Egypt, #33 Tunisia, #28 Jordan"
206,-1,ĞšĞ¸Ñ‚Ğ°Ğ¹ĞºĞ° Ğ¸ ĞŸÑ‡ĞµĞ»ĞºĞ° 4 ÑĞµÑ€Ğ¸ÑğŸ˜‚ğŸ˜†,3,"#24 Kazakhstan, #21 Ukraine, #22 Belarus"
207,-74,FEEDING STARVING INFLUENCERS FT BRETMAN ROCK,3,"#47 United States, #48 Canada, #45 Australia"
208,-22,ØªØ­Ø¯ÙŠ Ø§Ù„ØºØ¨Ø§Ø¡ØŸ,8,"#46 Egypt, #31 Tunisia, #35 Jordan"
209,-14,Ğ¨Ğ¾ĞºĞ¸Ñ€ÑƒÑÑ‰Ğ°Ñ Ğ ĞµÑ‡ÑŒ Ğ’Ñ‹Ğ¿ÑƒÑĞºĞ½Ğ¸ĞºĞ° ğŸ˜³ğŸ“½ï¸@CarrolltonTexas,6,"#17 Kazakhstan, #49 Ukraine, #18 Lithuania"
210,-44,"Ù…Ø³Ù„Ø³Ù„ Ø´Ø¨Ø§Ø¨ Ø§Ù„Ø¨ÙˆÙ…Ø¨ 12 - Ø§Ù„Ø­Ù„Ù‚Ø© Ø§Ù„Ø«Ø§Ù†ÙŠØ© ÙˆØ§Ù„Ø¹Ø´Ø±ÙˆÙ† "" Ù„Ø­Ø³Ø© Ù…Ø® "" 4K",9,"#45 Saudi Arabia, #39 Tunisia, #33 Jordan"
211,-24,Giving 1000 Phones Away,5,"#41 Malaysia, #16 Sri Lanka, #15 Nigeria"
212,-30,"On passe au dÃ©tecteur de mensonges... (ft Djilsi, Maxime Biaggi & Gotaga)",3,"#25 France, #3 Belgium, #17 Switzerland"
213,-10,Grupo Firme - El Beneficio De La Duda (Video Oficial),6,"#25 Bolivia, #41 Guatemala, #33 Honduras"
214,-10,Can't Punish an Introvert,11,"#48 Malaysia, #38 South Africa, #45 Lithuania"
215,-8,Tea Tairovic x Nucci - TeaNucci (Official Video || Album TEA),6,"#1 Serbia, #1 Bosnia and Herzegovina, #1 Croatia"
216,-55,ELE QUEBROU A TAÃ‡A DE FUTEBOL,3,"#37 Malaysia, #39 Kazakhstan, #43 Georgia"
217,-36,ĞšĞ°Ğº Ğ±Ñ‹ÑÑ‚Ñ€Ğ¾ Ğ·Ğ°Ğ¼ÑƒÑ‚Ğ¸Ñ‚ÑŒ Ğ­Ğ»ĞµĞºÑ‚Ñ€Ğ¾Ğ¡Ğ°Ğ¼Ğ¾ĞºĞ°Ñ‚,5,"#9 Kazakhstan, #12 Belarus, #21 Lithuania"
218,-63,Lamentablemente,3,"#31 Chile, #27 Guatemala, #21 Costa Rica"
219,-9,"MY BABY BOY (New Movie) Maurice Sam, Chinenye Nnebe, Sonia Uche 2024 Nollywood Romance Movie",6,"#2 Kenya, #1 Nigeria, #5 Jamaica"
220,-110,"Rei, Milo j - Semillero (Video Oficial)",4,"#38 Peru, #40 Bolivia, #39 Uruguay"
221,NEW,Ğ£Ğ·Ğ½Ğ°Ğ» ÑÑ‚Ñ€Ğ°ÑˆĞ½ÑƒÑ Ğ¿Ñ€Ğ°Ğ²Ğ´Ñƒ 30Ñ‚Ğ¸ Ğ»ĞµÑ‚Ğ½ĞµĞ³Ğ¾ Ğ¼Ğ¾Ñ‚Ğ¾Ñ€Ğ° Ğ¤Ğ¾Ñ€Ğ´Ğ°ğŸ˜±,5,"#7 Ukraine, #5 Belarus, #31 Lithuania"
222,-16,When u have grey hair,9,"#11 South Africa, #35 Kenya, #13 Jamaica"
223,-63,Friendship Of the three Of UsğŸ™€ Someone Will Always Be LonelyğŸ¥ºğŸ˜¢ğŸ«¢,7,"#46 Malaysia, #31 Portugal, #34 Bosnia and Herzegovina"
224,NEW,@mancity Vs How Ridiculous! @Wix Giant Balloon Pop Championship,9,"#35 Israel, #18 Portugal, #38 Greece"
225,-10,bottom shelf,13,"#15 South Africa, #38 Netherlands, #41 Lithuania"
226,-9,BRESKVICA - NA NJENIM RUKAMA (Generacija Zed 2024),5,"#2 Serbia, #4 Bosnia and Herzegovina, #6 Croatia"
227,-26,"SIDEMEN $1,000,000 REALITY SHOW: INSIDE EP. 2",3,"#6 United Kingdom, #33 Australia, #13 Ireland"
228,NEW,The past and future of PringlesğŸ¥”,3,"#47 Turkey, #21 Finland, #32 Latvia"
229,-45,DRAGON BALL: Sparking! ZERO â€“ Fused Warriors Trailer [BUDOKAI TENKAICHI Series],7,"#39 Dominican Republic, #48 Honduras, #41 Paraguay"
230,-21,How does this even happen!? ğŸ˜‚ #stuck #jethro #bondirescue #lifeguards #shorts,10,"#27 South Africa, #15 Netherlands, #46 Belgium"
231,-18,ĞÑƒ Ğ›Ğ¸Ğ»Ğ¸Ñ‚))) Ğ¿Ñ€Ğ¾Ğ´Ğ° Ğ² Ğ¾Ğ½Ğº: Ğ·Ğ°Ğ²Ğ¸Ğ´Ğ½Ñ‹Ğµ ĞºĞ¾Ñ‚Ğ¸ĞºĞ¸,3,"#37 Kazakhstan, #45 Ukraine, #27 Belarus"
232,-43,"Briella, La Joaqui, Yami Safdie - Coquette Remix (Video Oficial)",8,"#42 Bolivia, #33 Uruguay, #50 Honduras"
233,-35,1â¤ï¸,3,"#35 Malaysia, #37 Sri Lanka, #44 Uganda"
234,-11,ä¾†è‡ªæœªä¾†çš„å…¬å…±å»æ‰€,3,"#21 Taiwan, #2 Hong Kong, #15 Singapore"
235,-14,Manchester City v Manchester United | Key Moments | Final | Emirates FA Cup 2023-24,8,"#24 Kenya, #49 South Africa, #36 Nigeria"
236,-9,RELJA X NUCCI - OMB (OFFICIAL VIDEO),5,"#8 Serbia, #14 Bosnia and Herzegovina, #20 Croatia"
237,-35,ØªØ­Ø¯ÙŠ Ø§Ù„Ù‚Ù†Ø¨Ù„Ù‡ğŸ’£ #2,6,"#31 Saudi Arabia, #39 Jordan, #42 Libya"
238,NEW,#JasonDeruloTV // Sky Wheel #GotPermissionToPost From @ReneMiksche2D #FromTheIslands,8,"#29 Israel, #23 Netherlands, #36 Czech Republic"
239,-14,Ø¬Ø¨Øª Ø§Ù„Ø¹ÙŠØ¯ ÙÙŠ Ø§Ù„Ø§Ø®ØªØ¨Ø§Ø±Ø§Øª!!!,5,"#33 Saudi Arabia, #34 Jordan, #36 Libya"
240,-5,testiram kinder joy trik ğŸ¤”,3,"#3 Serbia, #5 Bosnia and Herzegovina, #14 Croatia"
241,-17,aespa ì—ìŠ¤íŒŒ 'Armageddon' MV,4,"#44 Malaysia, #20 Hong Kong, #34 Puerto Rico"
242,-13,ÙˆØ£Ø®ÙŠØ±Ø§Ù‹ Ø³ÙŠØ¯ ÙŠÙ„Ø¹Ø¨Ø© Ù„Ø¹Ø¨Ø© eFootball 2024 ğŸ”¥!!,3,"#47 Egypt, #42 Tunisia, #41 Lebanon"
243,-12,RELJA - ZA TOBOM LUD (OFFICIAL VIDEO),5,"#9 Serbia, #16 Bosnia and Herzegovina, #21 Croatia"
244,-66,Omega Boy Past 3 #funny #viral #comedy,6,"#38 Malaysia, #36 Lithuania, #32 Slovakia"
245,-165,ESTO FUE LO QUE PASÃ“ CON LA CAJA FUERTE DE NUESTRA CASA,6,"#48 Bolivia, #49 Guatemala, #49 Honduras"
246,NEW,CARGO SKATES CHALLENGE! ğŸ˜± #shorts *WILL JUSTIN WIN?! ğŸ˜‚*,12,"#35 Bulgaria, #18 Bosnia and Herzegovina, #32 Lithuania"
247,-28,"How to ALWAYS WIN ""Guess Who""",12,"#39 South Africa, #39 Portugal, #50 El Salvador"
248,-49,å¯æ€œçš„ç™½å¤©ä½¿è¢«å°ä¸‘æ‰“äº†ã€‚#å¤©ä½¿ #å°ä¸‘ #è¶…äººä¸ä¼šé£,7,"#46 Israel, #49 Nepal, #48 Sri Lanka"
249,-4,"JAMES' WIFE (New Movie) Sonia Uche, Deza The Great, Elochukwu Godwin 2024 Nollywood Movie",4,"#20 Kenya, #3 Nigeria, #28 Jamaica"
250,+11,Ğ­Ñ„Ñ„ĞµĞºÑ‚ ĞšĞ°Ñ€Ğ±Ğ¾Ğ½Ğ°Ñ€Ğ¾ Ğ¸ Ğ±ĞµÑĞºĞ¾Ğ½ĞµÑ‡Ğ½Ğ¾Ğµ Ğ¿Ğ¸Ğ²Ğ¾,3,"#19 Ukraine, #10 Belarus, #22 Latvia"
251,NEW,ZOBRA MI OTVARA LEGENDARY STAR DROP,3,"#5 Serbia, #8 Bosnia and Herzegovina, #29 Croatia"
252,-61,MOM TURNED THE NOODLES PINKğŸ˜±,5,"#40 Kazakhstan, #24 El Salvador, #40 Georgia"
253,-16,HIGHLIGHTS | Manchester City v Manchester United | FA Cup Final 2024,10,"#32 Kenya, #40 Nigeria, #45 Lebanon"
254,-74,Moana 2 | TrÃ¡iler Oficial | Doblado,4,"#39 Bolivia, #50 Ecuador, #44 Costa Rica"
255,-12,Chicken potato skins ğŸ¥” #abirzkitchen #potato,5,"#37 South Africa, #36 Kenya, #45 Nigeria"
256,-42,Black Ops 6: 'The Truth Lies' - Live Action Reveal Trailer,8,"#45 Tunisia, #49 Jordan, #35 Lebanon"
257,NEW,Beogradski muftija JusufspahiÄ‡ zaplakao #uranak1,5,"#29 Serbia, #9 Bosnia and Herzegovina, #19 Croatia"
258,+8,Guy swings into ancient Japanese temple's bell! ğŸ””ğŸ‡¯ğŸ‡µ - ğŸ¥ hirori030303,8,"#15 Kenya, #24 Switzerland, #27 Tanzania"
259,-13,#ÙÙ„Ù…_Ù…Ø§ÙŠÙ†_ÙƒØ±Ø§ÙØª : ÙÙŠÙ†ÙˆÙ… Ø¶Ø¯ Ø§Ù„Ù…Ù„ÙƒØ© ÙƒØ±Ø§Ù†ÙŠ !,4,"#37 Tunisia, #28 Lebanon, #48 Jordan"
260,-5,"MY CITY DREAM (New Movie) Chinenye Nnebe, Chris Okagbue, Emmanuella Iloba 2024 Nollywood Movie",5,"#5 Nigeria, #40 Kenya, #39 Jamaica"
261,-22,Ù…Ø³Ù„Ø³Ù„ Ù…Ù† ÙÙ… Ø§Ù„Ø³Ø¨Ø¹ : Ø§Ù„Ø­Ù„Ù‚Ø© - 4,3,"#32 Morocco, #36 United Arab Emirates, #23 Qatar"
262,-26,GERMAN GUALEY VS RAFA BOBA - LA ESCUELITA DELUXE (LA REVANCHA),3,"#29 Dominican Republic, #25 Puerto Rico, #43 Panama"
263,-37,ÙŠÙˆÙ… Ø§Ù„Ù…Ø¨Ø§Ø±Ø§Ø© Ø§Ù„Ù…Ù†ØªØ¸Ø±Ø© Ø¶Ø¯ Ø§Ù„Ø§Ø³Ø¨Ø§Ù† ğŸ‡ªğŸ‡¸ğŸ¤¯!! #6,6,"#40 Tunisia, #43 Jordan, #33 Lebanon"
264,-20,Cute Barbie gadgets ğŸ©·ğŸ’›,5,"#46 South Africa, #48 Kenya, #49 Portugal"
265,-5,How I Did This In Starbucks ğŸ˜± #shorts,5,"#36 South Africa, #39 Sri Lanka, #21 Singapore"
266,-58,ØªØ­Ø¯ÙŠ ÙŠØªØ­ÙƒÙ… ÙÙŠ ÙŠÙˆÙ…Ù†Ø§ Ø¨Ø§Ù„Ø±ÙŠÙ…ÙˆØª ( Ø§Ù„Ø³ÙŠÙ†Ù…Ø§ Ø§Ù„ÙØ®Ù…Ø© ) !!,7,"#44 Tunisia, #38 Lebanon, #47 Libya"
267,-150,24 HORAS SIENDO TÃA | LOS POLINESIOS,5,"#49 Dominican Republic, #43 Nicaragua, #48 Costa Rica"
268,-132,I found out I have ADHD.,3,"#48 Germany, #22 Australia, #42 Austria"
269,-18,La la la la ğŸ¤£ğŸ¥°â¤ï¸ #demariki,5,"#39 Israel, #50 Bosnia and Herzegovina, #37 Lithuania"
270,-82,Ø±Ø¹Ø¨ Ù…ÙƒØ³ÙŠÙƒÙŠ Ù„ÙƒÙ† Ù„Ø¹Ø¨ØªÙŠ ğŸ‘»,4,"#36 Tunisia, #38 Jordan, #41 Libya"
271,-49,Sydnie Christmas performs PITCH-PERFECT rendition of 'Over the Rainbow' | The Final | BGT 2024,3,"#32 United Kingdom, #48 Australia, #32 Ireland"
272,-76,JAMIE OLIVERâ€™S WORST RECIPE YET (Veggie Pad Thai),3,"#41 Germany, #37 Australia, #41 Austria"
273,-33,"Ù…Ø³Ù„Ø³Ù„ Ø´Ø¨Ø§Ø¨ Ø§Ù„Ø¨ÙˆÙ…Ø¨ 12 - Ø§Ù„Ø­Ù„Ù‚Ø© Ø§Ù„Ø¹Ø´Ø±ÙˆÙ† "" Ù…ØµØ§Ø±ÙŠÙ "" 4K",6,"#50 Tunisia, #45 Jordan, #36 Lebanon"
274,-21,Ø¬Ù‡Ø²ÙˆØ§ Ù…Ø¹ÙŠ Ø­Ù‚ÙŠØ¨Ø© Ø§Ù„Ø¥Ø®Ù„Ø§Ø¡ Ù„Ù„Ù†Ø²ÙˆØ­ â€¼ï¸âš ï¸,5,"#46 Tunisia, #44 Jordan, #34 Lebanon"
275,-8,How I get my TODDLER to eat his food #shorts,5,"#20 Nigeria, #46 Kenya, #44 Jamaica"
276,-14,ĞŸĞĞ›ĞĞĞ¯ Ğ˜Ğ¡Ğ¢ĞĞ Ğ˜Ğ¯ Ğ­ĞšĞ—ĞĞ Ğ¦Ğ˜Ğ—ĞœĞ [Ğ¢Ğ¾Ğ¿ Ğ¡Ğ¸ĞºÑ€ĞµÑ‚],4,"#40 Ukraine, #17 Belarus, #17 Latvia"
277,-19,I Built a Nightmare Factory That Manufactures Only Chaos - Chocolate Factory,3,"#46 Germany, #40 Australia, #43 Austria"
278,+28,Instagram: Why are the Bad Boys always doing the most? ğŸ˜‚ğŸšªğŸ”’ #badboys,7,"#46 Greece, #12 Switzerland, #33 Belgium"
279,+6,Ø³ÙˆÙŠØª ÙˆØ¬Ø¨ØªÙŠ Ø§Ù„Ø®Ø§ØµØ© ğŸ¤©ğŸ”ğŸŸ,6,"#41 Tunisia, #50 Jordan, #48 United Arab Emirates"
280,-28,A lot can happen in 72 hours. #Californication,8,"#29 Portugal, #41 Belgium, #28 Switzerland"
281,-11,"Nice try, but Cam is the scream queen #ModernFamily #GloriaPritchett #SofiaVergara #Shorts",6,"#29 South Africa, #10 Ireland, #17 New Zealand"
282,-17,BOJKOVICU SVE KRCKA I SVE GA BOLI!! #mma #bojkovic #ufc #fighting #icko,3,"#24 Serbia, #33 Bosnia and Herzegovina, #34 Croatia"
283,-53,Minecraft Series | Official Announcement | Netflix,3,"#45 Dominican Republic, #46 Costa Rica, #23 Puerto Rico"
284,-30,ØµØ±Øª Ø¹Ø§Ù…Ù„ Ù†Ø¸Ø§ÙÙ‡!!,6,"#43 Tunisia, #39 Lebanon, #50 United Arab Emirates"
285,-38,How is it possible? ğŸ«¢ğŸ˜± #tiktok #elsarca,7,"#38 Bulgaria, #45 Belgium, #40 Croatia"
286,-9,"Ğ£Ğ³Ğ°Ğ´Ğ°Ğ¹ Ğ‘ĞµÑ€ĞµĞ¼ĞµĞ½Ğ½ÑƒÑ Ğ–ĞµĞ½Ñ‰Ğ¸Ğ½Ñƒ! 6 Ğ”ĞµĞ²ÑƒÑˆĞµĞº Ğ’Ñ€ÑƒÑ‚, 1 Ğ“Ğ¾Ğ²Ğ¾Ñ€Ğ¸Ñ‚ ĞŸÑ€Ğ°Ğ²Ğ´Ñƒ! (Ğ¥Ğ°Ğ·ÑĞµĞ²Ğ°, ĞšĞ¾ĞºĞ¾ÑˆĞºĞ°)",4,"#46 Ukraine, #21 Belarus, #37 Latvia"
287,-12,Salt Smacks 45 & Rauf Claims 3-Fer | Highlights - England v Pakistan | 4th Menâ€™s Vitality IT20 2024,5,"#50 Saudi Arabia, #30 United Arab Emirates, #30 Kuwait"
288,-9,Sisâ€™ backflip was CLEAN tho ğŸ˜³ğŸ”¥,3,"#32 South Africa, #36 Jamaica, #37 New Zealand"
289,-17,How I prepare to meet the brothers MbappÃ©.. ğŸ™ˆ @KylianMbappe,5,"#47 South Africa, #43 Portugal, #24 Uganda"
290,-6,Ø§Ø®ÙŠØ±Ø§ Ø¹Ø§Ø¯Ù„ ØªØ®Ø±Ø¬ Ù…Ø¤Ø«Ø± Ùˆ ØªØ³Ø¨Ø­Ù†Ø§ Ø¨Ø§Ù„Ù…Ø³Ø¨Ø­- Ø¹Ø§Ø¦Ù„Ø© Ø¹Ø¯Ù†Ø§Ù†,6,"#47 Jordan, #46 Libya, #40 United Arab Emirates"
291,-9,I found a cult at Tokyo Disneyland,8,"#21 Netherlands, #14 New Zealand, #18 Ireland"
292,+4,BMW Drivers at their BEST ğŸ˜‚ğŸ’ª #shorts #nurburgring,6,"#27 Netherlands, #31 Belgium, #18 Switzerland"
293,-60,HANSI FLICK: HIS FIRST DAY AT FC BARCELONA ğŸ”µğŸ”´,4,"#39 Honduras, #32 Nicaragua, #31 Panama"
294,-13,"Japanese ""Standing"" Sushi",5,"#42 South Africa, #32 New Zealand, #36 Singapore"
295,-2,Testing 3 Levels of Popsicle Holders!,3,"#41 South Africa, #49 Jamaica, #19 Malta"
296,-2,HILJSON MANDELA X BIBA - ANKARAN (OFFICIAL VIDEO),3,"#35 Serbia, #28 Croatia, #40 Slovenia"
297,+3,"LOVE OR MONEY (New Movie) Maurice Sam, Chinenye Nnebe, Sonia Uche 2024 Nollywood Movie",4,"#8 Nigeria, #12 Ghana, #22 Uganda"
298,-7,Their reactions ğŸ˜‚ (via @trent.severino/TT),7,"#19 Switzerland, #42 Belgium, #27 Slovakia"
299,NEW,Must have been frightening! #shorts,3,"#17 Jamaica, #34 Nigeria, #27 Ghana"
300,NEW,He Jumped From How High?! ğŸ¤¯,4,"#6 Netherlands, #15 New Zealand, #14 Ireland"
301,=,WHY DOES SHE HAVE A REWARD? #youtubecreatorawards,5,"#26 El Salvador, #48 Portugal, #45 Belarus"
302,+2,#shorts Little boy wants to be a chef when he grows upï¼,3,"#20 Jamaica, #35 Nigeria, #28 Ghana"
303,-13,THROWING IT DOWN FROM 27M ğŸ‘€ğŸ¤¯ğŸ˜®â€ğŸ’¨ #shorts,3,"#28 Greece, #16 Switzerland, #38 Sweden"
304,-36,What is he doing? ğŸ˜¡ The Russian couldn't take it and... #shorts,5,"#45 South Africa, #27 Uganda, #48 Ghana"
305,-31,Jim's mind control prank - The Office US,7,"#36 Netherlands, #27 Sweden, #26 New Zealand"
306,-3,Doku v Wan-Bissaka ğŸ¤©,3,"#16 Nigeria, #28 Tanzania, #16 Ghana"
307,+5,"You CANâ€™T stay overnight in this Airbnb hosted by Edna Mode, but you can design your own super suit!",6,"#29 Netherlands, #19 Ireland, #21 New Zealand"
308,=,"Tyla, Gunna, Skillibeng - Jump (Official Music Video)",3,"#48 South Africa, #47 Uganda, #31 Zimbabwe"
309,=,pov: waiting for drops in mmos,6,"#47 Netherlands, #13 New Zealand, #32 Sweden"
310,NEW,His type of person Is Rare ğŸ˜±,3,"#28 Nigeria, #33 Tanzania, #25 Ghana"
311,-73,ç‹¼æ¥äº†çš„æ•…äº‹ä½ ä»¬å¬è¿‡å—ï¼Ÿ#å¤©ä½¿ #å°ä¸‘ #è¶…äººä¸ä¼šé£,3,"#40 Portugal, #37 El Salvador, #43 Latvia"
312,-2,Leg day vs chest day,6,"#30 Netherlands, #37 Sweden, #37 Ireland"
313,-14,Â¡GOLAZO DE MARCELO Y PARTIDAZO INFERNAL DEL FLU EN EL MARACANÃ! | Fluminense 3-2 A. Lima | RESUMEN,3,"#46 Paraguay, #42 Nicaragua, #38 Panama"
314,NEW,ğŸ¨ Puffâ€™s creating a clown face pancake! Got a name for it? ğŸ¤¡ğŸ¥ #ThatLittlePuff #PancakeArt,3,"#49 Bosnia and Herzegovina, #35 Georgia, #43 North Macedonia"
315,-2,Jim and Pam's simplest prank on Dwight! - The Office US,6,"#18 New Zealand, #29 Ireland, #42 Sweden"
316,-84,RM 'Nuts' Live Video,3,"#40 Nicaragua, #50 Costa Rica, #41 Panama"
317,+5,Race Highlights | 2024 Monaco Grand Prix,4,"#46 Nicaragua, #47 Panama, #33 Puerto Rico"
318,+3,I Interviewed Indian Megastar Mammootty,4,"#42 United Arab Emirates, #37 Kuwait, #21 Qatar"
319,-85,ALFA ME ESPIA,3,"#45 Nicaragua, #50 Panama, #37 Puerto Rico"
320,+3,RM 'Groin' Official MV,3,"#48 Nicaragua, #49 Panama, #35 Puerto Rico"
321,-16,Dancing makes everything better ğŸ•ºğŸ¼,3,"#48 Netherlands, #46 Switzerland, #50 Denmark"
322,+6,Ùˆ Ø§Ø®ÙŠØ±Ø§Ù‹ Ø§ÙØ¶Ù„ ØºØ±ÙÙ‡ ÙÙŠ Ù‚ØµØ± Ø¨Ø§ÙˆØ± ğŸ° ! ( Ø§Ù„ØºØ±ÙÙ‡ Ø§Ù„Ù…Ù†ØªØ¸Ø±Ù‡ ğŸ”¥ ğŸ˜),3,"#43 Lebanon, #44 Qatar, #41 Bahrain"
323,+6,Ø§Ø®Ø± ÙŠÙˆÙ… Ù‚Ø¨Ù„ Ø¨Ø¯Ø§ÙŠØ© Ø§Ù„Ø¨Ø·ÙˆÙ„Ø© ğŸ‡²ğŸ‡½ğŸ¤¯ğŸ”¥!!! #4,3,"#44 Lebanon, #41 Qatar, #39 Bahrain"
324,-48,ĞĞĞ’Ğ«Ğ™ AMONG US Ğ² Ğ Ğ•ĞĞ›Ğ¬ĞĞĞ™ Ğ–Ğ˜Ğ—ĞĞ˜! Utopia Show VS ĞœĞ°ÑĞ»ĞµĞ½Ğ½Ğ¸ĞºĞ¾Ğ²,3,"#19 Belarus, #20 Latvia, #23 Estonia"
325,+5,ØªØ­Ø¯ÙŠ Ø¹Ø¨Ø¯Ø§Ù„Ù„Ù‡ ÙŠØªØ­ÙƒÙ… ÙÙŠÙ†Ø§ Ø¨Ø§Ù„Ø±ÙŠÙ…ÙˆØª ( Ù‚Ø±Ø± ÙŠØ³Ø§ÙØ± ) !!,3,"#47 Lebanon, #45 Qatar, #38 Bahrain"
326,+5,Ø­Ø¬Ø²Øª Ø§ØºÙ„Ù‰ ØªØ°ÙƒØ±Ø© Ù‚Ø·Ø§Ø± ÙÙŠ Ø§Ù…Ø±ÙŠÙƒØ§,3,"#48 Lebanon, #43 Qatar, #37 Bahrain"
327,-11,BroğŸ˜‚ğŸ˜‚ğŸ˜‚ğŸ˜‚ğŸ¤£,4,"#29 New Zealand, #40 Singapore, #43 Ireland"
328,+5,Ø´Ø±ÙŠØª Ø¬Ø²Ù…Ø© ØªØ®Ù„ÙŠÙƒ Ø§Ø³Ø±Ø¹ Ø¨Ø§Ù„Ø°ÙƒØ§Ø¡ Ø§Ù„ØµÙ†Ø§Ø¹ÙŠ !,3,"#49 Lebanon, #46 Qatar, #44 Bahrain"
329,-109,"He SNATCHED victory, even though no one believed in him anymore #shorts",3,"#24 Ireland, #38 Singapore, #46 New Zealand"
330,-10,We Friends Tho - Kevin Hart,4,"#28 New Zealand, #48 Ireland, #36 Denmark"
331,NEW,Naming my baby...,3,"#17 Ireland, #31 New Zealand, #16 Malta"
332,-7,Whyyy? ğŸ˜­ #shorts by Leisi_family,4,"#28 Finland, #16 Cyprus, #44 Slovenia"
333,-16,How Black Men Say Hello - @KeonPolee - Chocolate Sundaes Comedy #shorts,4,"#40 New Zealand, #45 Sweden, #45 Ireland"
334,-15,Getting Past Indian Immigration #shorts,4,"#39 Ireland, #43 New Zealand, #49 Sweden"
335,-20,JUMPING THE GIANT RIVER GAP!! HARDLINE POV,3,"#45 Switzerland, #36 Finland, #28 Norway"
336,-72,Footage Released of Moment Truck Pludges Off Clark Memorial Bridge in Louisville | 10 News First,3,"#44 Belarus, #40 Uganda, #47 Latvia"
337,-2,Bobby's Painted Nails,4,"#42 New Zealand, #42 Ireland, #48 Denmark"
338,=,"TitoM, Yuppe and Burna Boy - Tshwala Bam Remix [Ft. S.N.E] (Official Video)",3,"#25 Uganda, #26 Zimbabwe, #49 Ghana"
339,-7,ELITE Powerlifter ANATOLY Pretends to be CLEANER in GYM #anatoly #fitness #gym,3,"#29 Uganda, #24 Zimbabwe, #9 Malta"
340,=,Ø´ÙŠÙ„Ø© Ø´ÙˆÙ†Ù‚ Ø§Ø¯Ø§Ø¡ Ø´Ø¨Ù„ Ø§Ù„Ø¯ÙˆØ§Ø³Ø± .,3,"#41 Kuwait, #34 Qatar, #42 Bahrain"
341,-5,FaZe Banks vs. Nadeshot 1V1,3,"#44 New Zealand, #49 Denmark, #39 Norway"
342,+1,UNDISPUTED CHAMPION CROWNED | Tyson Fury vs. Oleksandr Usyk Fight Highlights (Ring of Fire),3,"#25 Zimbabwe, #48 Uganda, #25 Malta"
343,+1,How Bouncing Bettyâ€™s Work ğŸ«¨,3,"#36 Uganda, #44 Zimbabwe, #38 Malta"
344,-2,I Tried Cristiano Ronaldoâ€™s Special Morning Routine,3,"#35 Slovenia, #36 Estonia, #50 Malta"
